,word,color,response,reaction_time,is_correct,time
0,RED,red,red,2124.0,True,"Apr 02, 2025 08:44 AM"
1,RED,yellow,yellow,2326.0,True,"Apr 02, 2025 08:44 AM"
2,BLUE,green,green,7127.0,True,"Apr 02, 2025 08:44 AM"
3,RED,yellow,yellow,2004.0,True,"Apr 02, 2025 08:44 AM"
4,RED,yellow,yellow,2924.0,True,"Apr 02, 2025 08:44 AM"
5,BLUE,yellow,yellow,3142.0,True,"Apr 02, 2025 08:44 AM"
6,GREEN,red,red,1804.0,True,"Apr 02, 2025 08:44 AM"
7,BLUE,red,blue,1968.0,False,"Apr 02, 2025 08:44 AM"
8,BLUE,yellow,yellow,1944.0,True,"Apr 02, 2025 08:44 AM"
9,RED,yellow,yellow,5470.0,True,"Apr 02, 2025 08:44 AM"
10,RED,green,green,1912.0,True,"Apr 02, 2025 08:44 AM"
11,GREEN,yellow,yellow,2286.0,True,"Apr 02, 2025 08:45 AM"
12,RED,green,green,2461.0,True,"Apr 02, 2025 08:45 AM"
13,GREEN,red,red,1720.0,True,"Apr 02, 2025 08:45 AM"
14,BLUE,green,green,2876.0,True,"Apr 02, 2025 08:45 AM"
15,BLUE,yellow,yellow,2343.0,True,"Apr 02, 2025 08:45 AM"
16,BLUE,yellow,yellow,2067.0,True,"Apr 02, 2025 08:45 AM"
17,YELLOW,red,red,1638.0,True,"Apr 02, 2025 08:45 AM"
18,RED,yellow,yellow,2944.0,True,"Apr 02, 2025 08:45 AM"
19,YELLOW,red,red,1952.0,True,"Apr 02, 2025 08:45 AM"
20,BLUE,blue,blue,1372.0,True,"Apr 02, 2025 08:46 AM"
21,YELLOW,yellow,yellow,1811.0,True,"Apr 02, 2025 08:46 AM"
22,BLUE,blue,blue,1419.0,True,"Apr 02, 2025 08:46 AM"
23,GREEN,blue,blue,1530.0,True,"Apr 02, 2025 08:46 AM"
24,BLUE,green,green,1400.0,True,"Apr 02, 2025 08:46 AM"
25,YELLOW,red,red,1484.0,True,"Apr 02, 2025 08:46 AM"
26,RED,green,green,3346.0,True,"Apr 02, 2025 08:46 AM"
27,GREEN,blue,blue,1239.0,True,"Apr 02, 2025 08:46 AM"
28,YELLOW,yellow,yellow,1332.0,True,"Apr 02, 2025 08:46 AM"
29,YELLOW,yellow,yellow,1221.0,True,"Apr 02, 2025 08:46 AM"
30,RED,green,green,1919.0,True,"Apr 02, 2025 08:46 AM"
31,GREEN,yellow,yellow,1366.0,True,"Apr 02, 2025 08:46 AM"
32,GREEN,green,green,1468.0,True,"Apr 02, 2025 08:46 AM"
33,BLUE,blue,blue,1422.0,True,"Apr 02, 2025 08:46 AM"
34,RED,blue,blue,1431.0,True,"Apr 02, 2025 08:46 AM"
35,GREEN,blue,blue,1114.0,True,"Apr 02, 2025 08:46 AM"
36,GREEN,green,green,1233.0,True,"Apr 02, 2025 08:46 AM"
37,BLUE,green,blue,1201.0,False,"Apr 02, 2025 08:46 AM"
38,YELLOW,blue,yellow,1230.0,False,"Apr 02, 2025 08:46 AM"
39,BLUE,green,green,3098.0,True,"Apr 02, 2025 08:47 AM"
40,YELLOW,yellow,yellow,3391.0,True,"Apr 02, 2025 08:47 AM"
41,YELLOW,red,red,4605.0,True,"Apr 02, 2025 08:47 AM"
42,RED,yellow,yellow,1725.0,True,"Apr 02, 2025 08:47 AM"
43,GREEN,green,green,1521.0,True,"Apr 02, 2025 08:47 AM"
44,GREEN,green,green,3226.0,True,"Apr 02, 2025 08:47 AM"
45,BLUE,red,red,2218.0,True,"Apr 02, 2025 08:47 AM"
46,BLUE,blue,blue,1994.0,True,"Apr 02, 2025 08:47 AM"
47,GREEN,red,red,2835.0,True,"Apr 02, 2025 08:47 AM"
48,RED,red,red,1519.0,True,"Apr 02, 2025 08:47 AM"
49,BLUE,yellow,yellow,1484.0,True,"Apr 02, 2025 08:47 AM"
50,YELLOW,red,red,1610.0,True,"Apr 02, 2025 08:47 AM"
51,YELLOW,green,green,1467.0,True,"Apr 02, 2025 08:47 AM"
52,RED,blue,blue,1423.0,True,"Apr 02, 2025 08:47 AM"
53,YELLOW,green,green,1897.0,True,"Apr 02, 2025 08:47 AM"
54,RED,yellow,yellow,1377.0,True,"Apr 02, 2025 08:47 AM"
55,GREEN,red,red,1424.0,True,"Apr 02, 2025 08:47 AM"
56,YELLOW,red,red,1117.0,True,"Apr 02, 2025 08:47 AM"
57,BLUE,blue,blue,1577.0,True,"Apr 02, 2025 08:47 AM"
58,GREEN,yellow,yellow,1504.0,True,"Apr 02, 2025 08:47 AM"
59,BLUE,yellow,yellow,1409.0,True,"Apr 02, 2025 08:47 AM"
60,RED,yellow,yellow,1968.0,True,"Apr 02, 2025 08:48 AM"
61,RED,green,green,1300.0,True,"Apr 02, 2025 08:48 AM"
62,RED,yellow,yellow,1063.0,True,"Apr 02, 2025 08:48 AM"
63,BLUE,red,red,1572.0,True,"Apr 02, 2025 08:48 AM"
64,RED,green,green,1376.0,True,"Apr 02, 2025 08:48 AM"
65,RED,red,red,1245.0,True,"Apr 02, 2025 08:48 AM"
66,GREEN,red,red,1800.0,True,"Apr 02, 2025 08:48 AM"
67,GREEN,green,green,1194.0,True,"Apr 02, 2025 08:48 AM"
68,YELLOW,green,green,1209.0,True,"Apr 02, 2025 08:48 AM"
69,BLUE,red,red,2424.0,True,"Apr 02, 2025 08:48 AM"
70,YELLOW,green,green,2639.0,True,"Apr 02, 2025 08:48 AM"
71,RED,green,green,1647.0,True,"Apr 02, 2025 08:48 AM"
72,GREEN,yellow,yellow,2585.0,True,"Apr 02, 2025 08:48 AM"
73,GREEN,red,red,1141.0,True,"Apr 02, 2025 08:48 AM"
74,YELLOW,blue,blue,1161.0,True,"Apr 02, 2025 08:48 AM"
75,RED,yellow,yellow,1383.0,True,"Apr 02, 2025 08:48 AM"
76,GREEN,blue,blue,1785.0,True,"Apr 02, 2025 08:48 AM"
77,YELLOW,blue,blue,974.0,True,"Apr 02, 2025 08:48 AM"
78,RED,yellow,yellow,1305.0,True,"Apr 02, 2025 08:48 AM"
79,YELLOW,red,red,1009.0,True,"Apr 02, 2025 08:48 AM"
80,GREEN,blue,blue,3257.0,True,"Apr 02, 2025 08:49 AM"
81,BLUE,yellow,yellow,1915.0,True,"Apr 02, 2025 08:49 AM"
82,GREEN,blue,blue,1915.0,True,"Apr 02, 2025 08:49 AM"
83,BLUE,blue,blue,1999.0,True,"Apr 02, 2025 08:49 AM"
84,RED,yellow,yellow,3202.0,True,"Apr 02, 2025 08:49 AM"
85,YELLOW,green,green,1916.0,True,"Apr 02, 2025 08:49 AM"
86,YELLOW,green,green,3199.0,True,"Apr 02, 2025 08:49 AM"
87,YELLOW,yellow,yellow,5216.0,True,"Apr 02, 2025 08:49 AM"
88,BLUE,red,red,1816.0,True,"Apr 02, 2025 08:49 AM"
89,GREEN,red,red,3317.0,True,"Apr 02, 2025 08:49 AM"
90,RED,yellow,yellow,1649.0,True,"Apr 02, 2025 08:49 AM"
91,GREEN,yellow,yellow,1850.0,True,"Apr 02, 2025 08:49 AM"
92,GREEN,blue,blue,2334.0,True,"Apr 02, 2025 08:49 AM"
93,GREEN,red,red,1332.0,True,"Apr 02, 2025 08:49 AM"
94,YELLOW,blue,blue,1883.0,True,"Apr 02, 2025 08:49 AM"
95,RED,blue,blue,1265.0,True,"Apr 02, 2025 08:49 AM"
96,RED,red,red,1850.0,True,"Apr 02, 2025 08:49 AM"
97,GREEN,green,green,2250.0,True,"Apr 02, 2025 08:49 AM"
98,BLUE,red,blue,1946.0,False,"Apr 02, 2025 08:49 AM"
99,YELLOW,blue,blue,1766.0,True,"Apr 02, 2025 08:49 AM"
100,YELLOW,green,green,2087.0,True,"Apr 02, 2025 08:49 AM"
101,BLUE,green,green,1982.0,True,"Apr 02, 2025 08:49 AM"
102,YELLOW,blue,blue,1616.0,True,"Apr 02, 2025 08:49 AM"
103,GREEN,blue,blue,2250.0,True,"Apr 02, 2025 08:49 AM"
104,GREEN,yellow,yellow,1750.0,True,"Apr 02, 2025 08:49 AM"
105,GREEN,yellow,yellow,1733.0,True,"Apr 02, 2025 08:49 AM"
106,RED,red,red,1716.0,True,"Apr 02, 2025 08:49 AM"
107,GREEN,green,green,2500.0,True,"Apr 02, 2025 08:50 AM"
108,GREEN,blue,blue,1908.0,True,"Apr 02, 2025 08:50 AM"
109,RED,blue,blue,3273.0,True,"Apr 02, 2025 08:50 AM"
110,YELLOW,yellow,yellow,12826.0,True,"Apr 03, 2025 10:33 AM"
111,YELLOW,green,green,3177.0,True,"Apr 03, 2025 10:33 AM"
112,YELLOW,blue,blue,2730.0,True,"Apr 03, 2025 10:34 AM"
113,GREEN,red,red,2032.0,True,"Apr 03, 2025 10:34 AM"
114,GREEN,red,red,1501.0,True,"Apr 03, 2025 10:34 AM"
115,BLUE,blue,blue,2299.0,True,"Apr 03, 2025 10:34 AM"
116,RED,blue,blue,1592.0,True,"Apr 03, 2025 10:36 AM"
117,GREEN,blue,blue,2174.0,True,"Apr 03, 2025 10:37 AM"
118,GREEN,yellow,yellow,1771.0,True,"Apr 03, 2025 10:37 AM"
119,YELLOW,yellow,yellow,1105.0,True,"Apr 03, 2025 10:37 AM"
120,BLUE,red,red,3315.0,True,"Apr 03, 2025 10:37 AM"
121,GREEN,yellow,yellow,1674.0,True,"Apr 03, 2025 10:37 AM"
122,GREEN,red,red,1982.0,True,"Apr 02, 2025 08:50 AM"
123,GREEN,green,green,2796.0,True,"Apr 03, 2025 10:33 AM"
124,YELLOW,green,green,3319.0,True,"Apr 03, 2025 10:34 AM"
125,RED,green,green,1865.0,True,"Apr 03, 2025 10:34 AM"
126,RED,green,green,2215.0,True,"Apr 03, 2025 10:34 AM"
127,RED,yellow,yellow,8677.0,True,"Apr 03, 2025 10:36 AM"
128,GREEN,green,green,2162.0,True,"Apr 03, 2025 10:36 AM"
129,YELLOW,blue,blue,2379.0,True,"Apr 03, 2025 10:37 AM"
130,BLUE,blue,blue,1383.0,True,"Apr 03, 2025 10:37 AM"
131,YELLOW,yellow,yellow,2169.0,True,"Apr 02, 2025 08:50 AM"
132,RED,green,green,1733.0,True,"Apr 02, 2025 08:50 AM"
133,RED,blue,blue,1299.0,True,"Apr 02, 2025 08:50 AM"
134,RED,red,red,1925.0,True,"Apr 02, 2025 08:50 AM"
135,YELLOW,blue,blue,3656.0,True,"Apr 02, 2025 08:50 AM"
136,GREEN,blue,blue,1813.0,True,"Apr 02, 2025 08:50 AM"
137,RED,red,blue,3549.0,False,"Apr 03, 2025 10:33 AM"
138,RED,green,green,7979.0,True,"Apr 03, 2025 10:34 AM"
139,GREEN,yellow,yellow,1544.0,True,"Apr 03, 2025 10:36 AM"
140,YELLOW,blue,blue,2081.0,True,"Apr 03, 2025 10:37 AM"
141,GREEN,green,green,1752.0,True,"Apr 03, 2025 10:37 AM"
142,BLUE,red,red,1545.0,True,"Apr 03, 2025 10:37 AM"
143,BLUE,red,red,1542.0,True,"Apr 03, 2025 10:37 AM"
144,GREEN,red,red,1537.0,True,"Apr 03, 2025 10:37 AM"
145,RED,blue,blue,2308.0,True,"Apr 02, 2025 08:50 AM"
146,BLUE,green,green,1853.0,True,"Apr 02, 2025 08:50 AM"
147,GREEN,red,red,2012.0,True,"Apr 02, 2025 08:50 AM"
148,BLUE,blue,blue,3736.0,True,"Apr 02, 2025 08:51 AM"
149,BLUE,green,green,7120.0,True,"Apr 02, 2025 08:51 AM"
150,YELLOW,yellow,yellow,2594.0,True,"Apr 02, 2025 08:51 AM"
151,GREEN,green,green,1882.0,True,"Apr 02, 2025 08:51 AM"
152,RED,red,red,1581.0,True,"Apr 02, 2025 08:51 AM"
153,YELLOW,blue,blue,2594.0,True,"Apr 02, 2025 08:51 AM"
154,GREEN,blue,blue,1430.0,True,"Apr 02, 2025 08:51 AM"
155,RED,yellow,yellow,1480.0,True,"Apr 02, 2025 08:52 AM"
156,RED,red,red,1500.0,True,"Apr 02, 2025 08:52 AM"
157,RED,yellow,yellow,1375.0,True,"Apr 02, 2025 08:52 AM"
158,YELLOW,blue,blue,1347.0,True,"Apr 02, 2025 08:52 AM"
159,YELLOW,red,red,1645.0,True,"Apr 02, 2025 08:52 AM"
160,GREEN,red,red,1695.0,True,"Apr 02, 2025 08:52 AM"
161,RED,green,green,1412.0,True,"Apr 02, 2025 08:52 AM"
162,BLUE,green,green,1335.0,True,"Apr 02, 2025 08:52 AM"
163,BLUE,red,red,1150.0,True,"Apr 02, 2025 08:52 AM"
164,BLUE,yellow,yellow,1199.0,True,"Apr 02, 2025 08:52 AM"
165,RED,yellow,yellow,1460.0,True,"Apr 02, 2025 08:52 AM"
166,RED,yellow,yellow,1312.0,True,"Apr 02, 2025 08:52 AM"
167,RED,yellow,yellow,1247.0,True,"Apr 02, 2025 08:52 AM"
168,YELLOW,red,yellow,1899.0,False,"Apr 02, 2025 08:52 AM"
169,RED,green,green,12051.0,True,"Apr 02, 2025 08:52 AM"
170,BLUE,blue,blue,5383.0,True,"Apr 02, 2025 08:52 AM"
171,YELLOW,blue,yellow,106.0,False,"Apr 02, 2025 08:52 AM"
172,GREEN,green,green,3306.0,True,"Apr 02, 2025 08:52 AM"
173,GREEN,green,green,2413.0,True,"Apr 02, 2025 08:52 AM"
174,YELLOW,green,green,2604.0,True,"Apr 02, 2025 08:52 AM"
175,GREEN,red,red,2705.0,True,"Apr 02, 2025 08:52 AM"
176,YELLOW,red,red,2644.0,True,"Apr 02, 2025 08:52 AM"
177,BLUE,green,blue,1897.0,False,"Apr 02, 2025 08:52 AM"
178,BLUE,yellow,blue,1081.0,False,"Apr 02, 2025 08:52 AM"
179,RED,yellow,yellow,2728.0,True,"Apr 02, 2025 08:52 AM"
180,GREEN,yellow,green,1529.0,False,"Apr 02, 2025 08:52 AM"
181,RED,yellow,yellow,1179.0,True,"Apr 02, 2025 08:52 AM"
182,GREEN,yellow,yellow,1824.0,True,"Apr 02, 2025 08:52 AM"
183,YELLOW,red,red,2013.0,True,"Apr 02, 2025 08:53 AM"
184,BLUE,yellow,yellow,4405.0,True,"Apr 02, 2025 08:53 AM"
185,RED,yellow,yellow,1990.0,True,"Apr 02, 2025 08:53 AM"
186,GREEN,blue,blue,1867.0,True,"Apr 02, 2025 08:53 AM"
187,BLUE,green,green,2403.0,True,"Apr 02, 2025 08:53 AM"
188,GREEN,red,red,1775.0,True,"Apr 02, 2025 08:53 AM"
189,GREEN,yellow,yellow,2460.0,True,"Apr 02, 2025 08:53 AM"
190,BLUE,blue,red,3622.0,False,"Apr 02, 2025 08:53 AM"
191,GREEN,red,red,1995.0,True,"Apr 02, 2025 08:53 AM"
192,RED,red,red,12323.0,True,"Apr 02, 2025 08:53 AM"
193,RED,blue,red,5254.0,False,"Apr 02, 2025 08:53 AM"
194,BLUE,blue,blue,1652.0,True,"Apr 02, 2025 08:53 AM"
195,YELLOW,red,yellow,2547.0,False,"Apr 02, 2025 08:53 AM"
196,RED,red,red,3451.0,True,"Apr 02, 2025 08:53 AM"
197,BLUE,red,blue,1245.0,False,"Apr 02, 2025 08:53 AM"
198,BLUE,green,green,2771.0,True,"Apr 02, 2025 08:53 AM"
199,RED,yellow,yellow,2813.0,True,"Apr 02, 2025 08:53 AM"
200,YELLOW,blue,blue,2081.0,True,"Apr 02, 2025 08:53 AM"
201,YELLOW,yellow,yellow,2022.0,True,"Apr 02, 2025 08:53 AM"
202,GREEN,green,green,1983.0,True,"Apr 02, 2025 08:53 AM"
203,YELLOW,green,green,5130.0,True,"Apr 02, 2025 08:53 AM"
204,GREEN,red,red,2062.0,True,"Apr 02, 2025 08:53 AM"
205,BLUE,blue,blue,1856.0,True,"Apr 02, 2025 08:53 AM"
206,RED,green,green,1896.0,True,"Apr 02, 2025 08:53 AM"
207,BLUE,blue,blue,2658.0,True,"Apr 02, 2025 08:53 AM"
208,BLUE,yellow,yellow,4253.0,True,"Apr 02, 2025 08:53 AM"
209,GREEN,yellow,yellow,1880.0,True,"Apr 02, 2025 08:53 AM"
210,GREEN,yellow,yellow,1796.0,True,"Apr 02, 2025 08:53 AM"
211,GREEN,green,green,2500.0,True,"Apr 02, 2025 08:53 AM"
212,RED,yellow,yellow,2398.0,True,"Apr 02, 2025 08:53 AM"
213,GREEN,blue,blue,1792.0,True,"Apr 02, 2025 08:53 AM"
214,BLUE,yellow,yellow,2164.0,True,"Apr 02, 2025 08:53 AM"
215,GREEN,yellow,yellow,1958.0,True,"Apr 02, 2025 08:53 AM"
216,GREEN,yellow,yellow,1568.0,True,"Apr 02, 2025 08:53 AM"
217,RED,yellow,yellow,4040.0,True,"Apr 02, 2025 08:53 AM"
218,RED,red,red,1656.0,True,"Apr 02, 2025 08:53 AM"
219,RED,red,red,944.0,True,"Apr 02, 2025 08:53 AM"
220,YELLOW,green,green,2695.0,True,"Apr 02, 2025 08:53 AM"
221,BLUE,yellow,yellow,1809.0,True,"Apr 02, 2025 08:53 AM"
222,RED,blue,blue,1763.0,True,"Apr 02, 2025 08:53 AM"
223,BLUE,yellow,yellow,7416.0,True,"Apr 02, 2025 08:53 AM"
224,BLUE,yellow,yellow,1463.0,True,"Apr 02, 2025 08:53 AM"
225,YELLOW,green,green,1803.0,True,"Apr 02, 2025 08:53 AM"
226,YELLOW,green,green,1710.0,True,"Apr 02, 2025 08:53 AM"
227,GREEN,blue,blue,2667.0,True,"Apr 02, 2025 08:53 AM"
228,GREEN,red,red,2095.0,True,"Apr 02, 2025 08:53 AM"
229,RED,yellow,yellow,1629.0,True,"Apr 02, 2025 08:54 AM"
230,GREEN,yellow,yellow,1596.0,True,"Apr 02, 2025 08:54 AM"
231,BLUE,red,red,2590.0,True,"Apr 02, 2025 08:54 AM"
232,YELLOW,red,red,1938.0,True,"Apr 02, 2025 08:54 AM"
233,YELLOW,red,red,2330.0,True,"Apr 02, 2025 08:54 AM"
234,YELLOW,yellow,yellow,1494.0,True,"Apr 02, 2025 08:54 AM"
235,YELLOW,green,green,1597.0,True,"Apr 02, 2025 08:54 AM"
236,YELLOW,red,red,1553.0,True,"Apr 02, 2025 08:54 AM"
237,BLUE,red,red,1365.0,True,"Apr 02, 2025 08:54 AM"
238,BLUE,blue,blue,1595.0,True,"Apr 02, 2025 08:54 AM"
239,YELLOW,green,green,1214.0,True,"Apr 02, 2025 08:54 AM"
240,YELLOW,yellow,yellow,1808.0,True,"Apr 02, 2025 08:54 AM"
241,YELLOW,green,blue,3644.0,False,"Apr 02, 2025 08:54 AM"
242,YELLOW,blue,blue,1544.0,True,"Apr 02, 2025 08:54 AM"
243,GREEN,red,red,1879.0,True,"Apr 02, 2025 08:54 AM"
244,GREEN,blue,red,4033.0,False,"Apr 02, 2025 08:54 AM"
245,GREEN,yellow,yellow,2561.0,True,"Apr 02, 2025 08:54 AM"
246,RED,red,red,1201.0,True,"Apr 02, 2025 08:54 AM"
247,RED,green,green,1713.0,True,"Apr 02, 2025 08:54 AM"
248,YELLOW,blue,blue,1458.0,True,"Apr 02, 2025 08:54 AM"
249,GREEN,blue,red,1313.0,False,"Apr 02, 2025 08:54 AM"
250,RED,green,green,1585.0,True,"Apr 02, 2025 08:54 AM"
251,RED,yellow,yellow,1404.0,True,"Apr 02, 2025 08:54 AM"
252,GREEN,yellow,green,3358.0,False,"Apr 02, 2025 08:54 AM"
253,YELLOW,blue,yellow,3745.0,False,"Apr 02, 2025 08:57 AM"
254,BLUE,yellow,yellow,1732.0,True,"Apr 02, 2025 08:57 AM"
255,BLUE,green,green,4350.0,True,"Apr 02, 2025 08:57 AM"
256,BLUE,blue,blue,2099.0,True,"Apr 02, 2025 08:57 AM"
257,YELLOW,green,green,2149.0,True,"Apr 02, 2025 08:57 AM"
258,BLUE,red,red,1899.0,True,"Apr 02, 2025 08:57 AM"
259,YELLOW,yellow,yellow,2694.0,True,"Apr 02, 2025 08:59 AM"
260,GREEN,blue,blue,1638.0,True,"Apr 02, 2025 08:59 AM"
261,YELLOW,red,red,1879.0,True,"Apr 02, 2025 08:59 AM"
262,YELLOW,blue,blue,3351.0,True,"Apr 02, 2025 08:59 AM"
263,GREEN,yellow,yellow,892.0,True,"Apr 02, 2025 08:59 AM"
264,RED,red,red,2107.0,True,"Apr 02, 2025 08:59 AM"
265,YELLOW,yellow,yellow,1226.0,True,"Apr 02, 2025 08:59 AM"
266,GREEN,blue,blue,1440.0,True,"Apr 02, 2025 08:59 AM"
267,BLUE,red,red,1220.0,True,"Apr 02, 2025 08:59 AM"
268,YELLOW,blue,blue,5768.0,True,"Apr 03, 2025 10:34 AM"
269,BLUE,blue,blue,2264.0,True,"Apr 03, 2025 10:34 AM"
270,RED,green,green,2682.0,True,"Apr 03, 2025 10:34 AM"
271,YELLOW,green,green,1883.0,True,"Apr 03, 2025 10:34 AM"
272,GREEN,green,green,2098.0,True,"Apr 03, 2025 10:34 AM"
273,BLUE,green,blue,3178.0,False,"Apr 03, 2025 10:34 AM"
274,GREEN,red,red,2131.0,True,"Apr 03, 2025 10:34 AM"
275,YELLOW,yellow,yellow,3197.0,True,"Apr 03, 2025 10:34 AM"
276,YELLOW,blue,blue,2838.0,True,"Apr 03, 2025 10:36 AM"
277,RED,blue,blue,1942.0,True,"Apr 03, 2025 10:36 AM"
278,RED,blue,blue,1278.0,True,"Apr 03, 2025 10:37 AM"
279,GREEN,red,red,1846.0,True,"Apr 03, 2025 10:37 AM"
280,BLUE,red,red,3194.0,True,"Apr 02, 2025 08:54 AM"
281,YELLOW,green,green,5399.0,True,"Apr 02, 2025 08:57 AM"
282,GREEN,blue,blue,3231.0,True,"Apr 02, 2025 08:57 AM"
283,GREEN,red,green,2683.0,False,"Apr 02, 2025 08:57 AM"
284,YELLOW,yellow,yellow,1417.0,True,"Apr 02, 2025 08:57 AM"
285,BLUE,green,green,2781.0,True,"Apr 02, 2025 08:57 AM"
286,RED,green,green,2383.0,True,"Apr 02, 2025 08:57 AM"
287,YELLOW,blue,blue,5616.0,True,"Apr 02, 2025 08:59 AM"
288,BLUE,yellow,yellow,5057.0,True,"Apr 02, 2025 08:59 AM"
289,BLUE,green,green,4970.0,True,"Apr 02, 2025 08:59 AM"
290,BLUE,green,green,993.0,True,"Apr 02, 2025 08:59 AM"
291,RED,yellow,yellow,1180.0,True,"Apr 02, 2025 08:59 AM"
292,RED,red,red,888.0,True,"Apr 02, 2025 08:59 AM"
293,YELLOW,yellow,yellow,2967.0,True,"Apr 02, 2025 08:59 AM"
294,RED,yellow,yellow,1787.0,True,"Apr 02, 2025 08:59 AM"
295,BLUE,blue,blue,1432.0,True,"Apr 02, 2025 08:59 AM"
296,GREEN,yellow,yellow,3139.0,True,"Apr 02, 2025 09:00 AM"
297,BLUE,red,red,1616.0,True,"Apr 02, 2025 08:57 AM"
298,BLUE,red,red,2383.0,True,"Apr 02, 2025 08:57 AM"
299,YELLOW,blue,blue,4116.0,True,"Apr 02, 2025 08:57 AM"
300,YELLOW,blue,blue,2983.0,True,"Apr 02, 2025 08:57 AM"
301,BLUE,green,green,1683.0,True,"Apr 02, 2025 08:57 AM"
302,RED,blue,blue,1284.0,True,"Apr 02, 2025 08:59 AM"
303,YELLOW,blue,blue,2096.0,True,"Apr 02, 2025 08:59 AM"
304,GREEN,green,green,2031.0,True,"Apr 02, 2025 08:59 AM"
305,RED,yellow,yellow,4845.0,True,"Apr 02, 2025 08:59 AM"
306,GREEN,blue,blue,1811.0,True,"Apr 02, 2025 08:59 AM"
307,BLUE,green,green,1689.0,True,"Apr 02, 2025 08:59 AM"
308,YELLOW,green,green,3119.0,True,"Apr 02, 2025 08:59 AM"
309,YELLOW,red,red,1306.0,True,"Apr 02, 2025 08:59 AM"
310,GREEN,blue,blue,1477.0,True,"Apr 02, 2025 08:59 AM"
311,GREEN,blue,blue,3782.0,True,"Apr 02, 2025 08:59 AM"
312,GREEN,green,green,2200.0,True,"Apr 02, 2025 08:57 AM"
313,RED,yellow,yellow,1867.0,True,"Apr 02, 2025 08:57 AM"
314,YELLOW,green,green,5112.0,True,"Apr 02, 2025 08:57 AM"
315,BLUE,green,green,6846.0,True,"Apr 02, 2025 08:59 AM"
316,YELLOW,green,yellow,2628.0,False,"Apr 02, 2025 08:59 AM"
317,GREEN,red,red,2045.0,True,"Apr 02, 2025 08:59 AM"
318,BLUE,red,red,2332.0,True,"Apr 02, 2025 08:59 AM"
319,BLUE,blue,blue,1149.0,True,"Apr 02, 2025 08:59 AM"
320,RED,red,red,945.0,True,"Apr 02, 2025 08:59 AM"
321,GREEN,yellow,yellow,1304.0,True,"Apr 02, 2025 08:59 AM"
322,GREEN,red,red,2734.0,True,"Apr 02, 2025 08:59 AM"
323,BLUE,yellow,yellow,1990.0,True,"Apr 02, 2025 08:59 AM"
324,RED,blue,blue,1781.0,True,"Apr 02, 2025 08:59 AM"
325,GREEN,red,red,2360.0,True,"Apr 02, 2025 09:00 AM"
326,YELLOW,yellow,yellow,1471.0,True,"Apr 02, 2025 09:23 AM"
327,BLUE,blue,blue,1410.0,True,"Apr 02, 2025 09:23 AM"
328,GREEN,red,red,1957.0,True,"Apr 02, 2025 09:23 AM"
329,BLUE,blue,blue,1328.0,True,"Apr 02, 2025 09:23 AM"
330,YELLOW,yellow,yellow,1101.0,True,"Apr 02, 2025 09:23 AM"
331,RED,blue,blue,1727.0,True,"Apr 02, 2025 09:23 AM"
332,YELLOW,red,red,1395.0,True,"Apr 02, 2025 09:23 AM"
333,BLUE,red,red,1736.0,True,"Apr 02, 2025 09:23 AM"
334,GREEN,yellow,yellow,1377.0,True,"Apr 02, 2025 09:23 AM"
335,YELLOW,red,red,1272.0,True,"Apr 02, 2025 09:23 AM"
336,GREEN,red,red,1575.0,True,"Apr 02, 2025 09:23 AM"
337,RED,yellow,yellow,1464.0,True,"Apr 02, 2025 09:23 AM"
338,YELLOW,blue,blue,1711.0,True,"Apr 02, 2025 09:23 AM"
339,RED,red,red,1333.0,True,"Apr 02, 2025 09:23 AM"
340,GREEN,green,green,1265.0,True,"Apr 02, 2025 09:23 AM"
341,BLUE,red,red,1560.0,True,"Apr 02, 2025 09:23 AM"
342,RED,red,red,1213.0,True,"Apr 02, 2025 09:23 AM"
343,YELLOW,yellow,yellow,1043.0,True,"Apr 02, 2025 09:23 AM"
344,RED,green,green,1560.0,True,"Apr 02, 2025 09:23 AM"
345,BLUE,red,red,1459.0,True,"Apr 02, 2025 09:23 AM"
346,RED,yellow,yellow,2508.0,True,"Apr 02, 2025 09:30 AM"
347,RED,blue,yellow,2381.0,False,"Apr 02, 2025 09:30 AM"
348,BLUE,green,yellow,4882.0,False,"Apr 02, 2025 09:31 AM"
349,BLUE,blue,blue,3158.0,True,"Apr 02, 2025 09:31 AM"
350,RED,red,blue,2121.0,False,"Apr 02, 2025 09:31 AM"
351,GREEN,blue,blue,2790.0,True,"Apr 02, 2025 09:31 AM"
352,RED,yellow,yellow,1593.0,True,"Apr 02, 2025 09:31 AM"
353,RED,yellow,yellow,2273.0,True,"Apr 02, 2025 09:31 AM"
354,YELLOW,yellow,yellow,1827.0,True,"Apr 02, 2025 09:31 AM"
355,RED,red,blue,2173.0,False,"Apr 02, 2025 09:31 AM"
356,RED,blue,blue,2089.0,True,"Apr 02, 2025 09:31 AM"
357,RED,red,red,1528.0,True,"Apr 02, 2025 09:31 AM"
358,BLUE,green,blue,1809.0,False,"Apr 02, 2025 09:31 AM"
359,BLUE,red,red,3636.0,True,"Apr 02, 2025 09:31 AM"
360,RED,yellow,yellow,1759.0,True,"Apr 02, 2025 09:31 AM"
361,YELLOW,red,red,2406.0,True,"Apr 02, 2025 09:31 AM"
362,YELLOW,green,yellow,1704.0,False,"Apr 02, 2025 09:31 AM"
363,GREEN,yellow,yellow,2595.0,True,"Apr 02, 2025 09:31 AM"
364,GREEN,yellow,yellow,1925.0,True,"Apr 02, 2025 09:31 AM"
365,RED,blue,blue,3455.0,True,"Apr 02, 2025 09:31 AM"
366,GREEN,green,green,1949.0,True,"Apr 02, 2025 09:34 AM"
367,RED,blue,blue,2067.0,True,"Apr 02, 2025 09:34 AM"
368,GREEN,blue,yellow,1589.0,False,"Apr 02, 2025 09:34 AM"
369,RED,red,red,2068.0,True,"Apr 02, 2025 09:34 AM"
370,BLUE,red,red,2021.0,True,"Apr 02, 2025 09:34 AM"
371,BLUE,blue,blue,1402.0,True,"Apr 02, 2025 09:34 AM"
372,RED,green,green,2606.0,True,"Apr 02, 2025 09:34 AM"
373,BLUE,red,red,1736.0,True,"Apr 02, 2025 09:35 AM"
374,BLUE,red,red,2449.0,True,"Apr 02, 2025 09:35 AM"
375,RED,blue,blue,1492.0,True,"Apr 02, 2025 09:35 AM"
376,YELLOW,yellow,yellow,1520.0,True,"Apr 02, 2025 09:35 AM"
377,BLUE,green,green,1518.0,True,"Apr 02, 2025 09:35 AM"
378,BLUE,yellow,yellow,1503.0,True,"Apr 02, 2025 09:35 AM"
379,BLUE,red,red,1301.0,True,"Apr 02, 2025 09:35 AM"
380,RED,red,red,1201.0,True,"Apr 02, 2025 09:35 AM"
381,RED,green,green,1569.0,True,"Apr 02, 2025 09:35 AM"
382,YELLOW,yellow,yellow,1169.0,True,"Apr 02, 2025 09:35 AM"
383,RED,green,green,1602.0,True,"Apr 02, 2025 09:35 AM"
384,YELLOW,blue,blue,1552.0,True,"Apr 02, 2025 09:35 AM"
385,GREEN,blue,green,1603.0,False,"Apr 02, 2025 09:35 AM"
386,BLUE,red,red,5630.0,True,"Apr 02, 2025 09:47 AM"
387,BLUE,green,green,4547.0,True,"Apr 02, 2025 09:47 AM"
388,BLUE,blue,green,1086.0,False,"Apr 02, 2025 09:47 AM"
389,RED,red,red,5096.0,True,"Apr 02, 2025 09:47 AM"
390,YELLOW,yellow,yellow,5409.0,True,"Apr 02, 2025 09:47 AM"
391,GREEN,yellow,yellow,2807.0,True,"Apr 02, 2025 09:47 AM"
392,RED,yellow,yellow,2194.0,True,"Apr 02, 2025 09:47 AM"
393,GREEN,blue,blue,1830.0,True,"Apr 02, 2025 09:47 AM"
394,BLUE,red,red,1812.0,True,"Apr 02, 2025 09:47 AM"
395,YELLOW,red,red,1739.0,True,"Apr 02, 2025 09:47 AM"
396,RED,blue,blue,3711.0,True,"Apr 02, 2025 09:47 AM"
397,BLUE,green,green,2524.0,True,"Apr 02, 2025 09:47 AM"
398,YELLOW,blue,blue,2002.0,True,"Apr 02, 2025 09:47 AM"
399,RED,yellow,yellow,1823.0,True,"Apr 02, 2025 09:47 AM"
400,GREEN,green,green,1836.0,True,"Apr 02, 2025 09:47 AM"
401,RED,blue,blue,3577.0,True,"Apr 02, 2025 09:47 AM"
402,GREEN,red,red,1971.0,True,"Apr 02, 2025 09:47 AM"
403,YELLOW,green,green,1900.0,True,"Apr 02, 2025 09:47 AM"
404,GREEN,red,red,1416.0,True,"Apr 02, 2025 09:47 AM"
405,RED,green,green,2626.0,True,"Apr 02, 2025 09:47 AM"
406,BLUE,yellow,yellow,4119.0,True,"Apr 02, 2025 09:47 AM"
407,YELLOW,blue,blue,2079.0,True,"Apr 02, 2025 09:48 AM"
408,RED,red,red,1733.0,True,"Apr 02, 2025 09:48 AM"
409,GREEN,yellow,yellow,1793.0,True,"Apr 02, 2025 09:48 AM"
410,YELLOW,green,yellow,2801.0,False,"Apr 02, 2025 09:48 AM"
411,BLUE,red,red,1722.0,True,"Apr 02, 2025 09:48 AM"
412,GREEN,blue,blue,1725.0,True,"Apr 02, 2025 09:48 AM"
413,BLUE,red,red,1391.0,True,"Apr 02, 2025 09:48 AM"
414,YELLOW,red,red,2724.0,True,"Apr 02, 2025 09:48 AM"
415,GREEN,red,red,2245.0,True,"Apr 02, 2025 09:48 AM"
416,BLUE,blue,blue,1301.0,True,"Apr 02, 2025 09:48 AM"
417,YELLOW,red,red,3669.0,True,"Apr 02, 2025 09:48 AM"
418,BLUE,green,green,1498.0,True,"Apr 02, 2025 09:48 AM"
419,YELLOW,blue,blue,1550.0,True,"Apr 02, 2025 09:48 AM"
420,BLUE,yellow,yellow,2423.0,True,"Apr 02, 2025 09:48 AM"
421,GREEN,yellow,yellow,1444.0,True,"Apr 02, 2025 09:48 AM"
422,BLUE,green,green,1204.0,True,"Apr 02, 2025 09:48 AM"
423,RED,red,red,2083.0,True,"Apr 02, 2025 09:48 AM"
424,BLUE,red,red,2017.0,True,"Apr 02, 2025 09:48 AM"
425,RED,yellow,yellow,1298.0,True,"Apr 02, 2025 09:48 AM"
426,GREEN,green,green,4648.0,True,"Apr 02, 2025 10:14 AM"
427,RED,red,red,1725.0,True,"Apr 02, 2025 10:14 AM"
428,GREEN,green,green,2099.0,True,"Apr 02, 2025 10:14 AM"
429,YELLOW,yellow,yellow,1974.0,True,"Apr 02, 2025 10:14 AM"
430,YELLOW,red,red,1800.0,True,"Apr 02, 2025 10:14 AM"
431,BLUE,yellow,yellow,2768.0,True,"Apr 02, 2025 10:14 AM"
432,BLUE,red,red,1259.0,True,"Apr 02, 2025 10:14 AM"
433,YELLOW,blue,blue,2127.0,True,"Apr 02, 2025 10:14 AM"
434,YELLOW,yellow,yellow,1535.0,True,"Apr 02, 2025 10:14 AM"
435,GREEN,yellow,yellow,2295.0,True,"Apr 02, 2025 10:14 AM"
436,GREEN,yellow,yellow,1401.0,True,"Apr 02, 2025 10:14 AM"
437,BLUE,red,red,1458.0,True,"Apr 02, 2025 10:14 AM"
438,YELLOW,yellow,yellow,1561.0,True,"Apr 02, 2025 10:14 AM"
439,BLUE,yellow,yellow,1267.0,True,"Apr 02, 2025 10:21 AM"
440,BLUE,blue,blue,1267.0,True,"Apr 02, 2025 10:21 AM"
441,BLUE,red,red,1450.0,True,"Apr 02, 2025 10:21 AM"
442,BLUE,green,green,966.0,True,"Apr 02, 2025 10:21 AM"
443,GREEN,blue,blue,1017.0,True,"Apr 02, 2025 10:21 AM"
444,BLUE,green,green,1166.0,True,"Apr 02, 2025 10:21 AM"
445,RED,yellow,yellow,1600.0,True,"Apr 02, 2025 10:21 AM"
446,GREEN,green,green,3167.0,True,"Apr 02, 2025 10:21 AM"
447,GREEN,yellow,yellow,1350.0,True,"Apr 02, 2025 10:21 AM"
448,YELLOW,red,red,2433.0,True,"Apr 02, 2025 10:21 AM"
449,RED,red,red,2283.0,True,"Apr 02, 2025 10:21 AM"
450,YELLOW,green,yellow,3808.0,False,"Apr 02, 2025 10:34 AM"
451,RED,green,red,1254.0,False,"Apr 02, 2025 10:34 AM"
452,YELLOW,red,yellow,1538.0,False,"Apr 02, 2025 10:34 AM"
453,YELLOW,yellow,yellow,2953.0,True,"Apr 02, 2025 10:34 AM"
454,YELLOW,blue,blue,1293.0,True,"Apr 02, 2025 10:34 AM"
455,YELLOW,blue,blue,1174.0,True,"Apr 02, 2025 10:34 AM"
456,YELLOW,blue,blue,1659.0,True,"Apr 02, 2025 10:34 AM"
457,YELLOW,yellow,yellow,1632.0,True,"Apr 02, 2025 10:34 AM"
458,RED,blue,blue,1829.0,True,"Apr 02, 2025 10:34 AM"
459,RED,green,green,3973.0,True,"Apr 02, 2025 10:34 AM"
460,GREEN,blue,blue,1568.0,True,"Apr 02, 2025 10:34 AM"
461,GREEN,green,green,1676.0,True,"Apr 02, 2025 10:34 AM"
462,GREEN,green,green,1522.0,True,"Apr 02, 2025 10:34 AM"
463,YELLOW,red,red,1812.0,True,"Apr 02, 2025 10:34 AM"
464,GREEN,red,red,2323.0,True,"Apr 02, 2025 10:44 AM"
465,BLUE,yellow,yellow,2039.0,True,"Apr 02, 2025 10:44 AM"
466,RED,blue,blue,1422.0,True,"Apr 02, 2025 10:44 AM"
467,GREEN,red,red,1322.0,True,"Apr 02, 2025 10:44 AM"
468,BLUE,red,red,980.0,True,"Apr 02, 2025 10:44 AM"
469,RED,red,red,1310.0,True,"Apr 02, 2025 10:44 AM"
470,BLUE,yellow,yellow,1381.0,True,"Apr 02, 2025 10:44 AM"
471,YELLOW,yellow,yellow,1187.0,True,"Apr 02, 2025 10:44 AM"
472,YELLOW,blue,blue,2205.0,True,"Apr 02, 2025 10:44 AM"
473,BLUE,yellow,yellow,2299.0,True,"Apr 02, 2025 10:44 AM"
474,BLUE,blue,blue,1589.0,True,"Apr 02, 2025 10:44 AM"
475,RED,yellow,yellow,2089.0,True,"Apr 02, 2025 10:44 AM"
476,RED,red,red,1298.0,True,"Apr 02, 2025 10:44 AM"
477,BLUE,red,red,1997.0,True,"Apr 02, 2025 10:44 AM"
478,YELLOW,blue,blue,2190.0,True,"Apr 02, 2025 10:44 AM"
479,GREEN,blue,blue,2132.0,True,"Apr 02, 2025 10:14 AM"
480,GREEN,red,red,3055.0,True,"Apr 02, 2025 10:14 AM"
481,YELLOW,red,red,1805.0,True,"Apr 02, 2025 10:14 AM"
482,YELLOW,yellow,yellow,1319.0,True,"Apr 02, 2025 10:14 AM"
483,YELLOW,blue,blue,1792.0,True,"Apr 02, 2025 10:14 AM"
484,RED,yellow,yellow,2185.0,True,"Apr 02, 2025 10:14 AM"
485,GREEN,yellow,yellow,2018.0,True,"Apr 02, 2025 10:14 AM"
486,GREEN,yellow,yellow,1384.0,True,"Apr 02, 2025 10:21 AM"
487,GREEN,yellow,yellow,3266.0,True,"Apr 02, 2025 10:21 AM"
488,RED,blue,blue,2667.0,True,"Apr 02, 2025 10:21 AM"
489,BLUE,yellow,yellow,1133.0,True,"Apr 02, 2025 10:21 AM"
490,GREEN,green,green,984.0,True,"Apr 02, 2025 10:21 AM"
491,GREEN,red,red,1734.0,True,"Apr 02, 2025 10:21 AM"
492,RED,green,green,1400.0,True,"Apr 02, 2025 10:21 AM"
493,BLUE,blue,blue,3367.0,True,"Apr 02, 2025 10:21 AM"
494,RED,yellow,yellow,2966.0,True,"Apr 02, 2025 10:21 AM"
495,RED,yellow,green,5486.0,False,"Apr 02, 2025 10:34 AM"
496,BLUE,blue,blue,2678.0,True,"Apr 02, 2025 10:34 AM"
497,YELLOW,green,yellow,1680.0,False,"Apr 02, 2025 10:34 AM"
498,GREEN,red,red,2197.0,True,"Apr 02, 2025 10:34 AM"
499,RED,green,green,3198.0,True,"Apr 02, 2025 10:34 AM"
500,GREEN,green,green,1915.0,True,"Apr 02, 2025 10:34 AM"
501,GREEN,red,red,1877.0,True,"Apr 02, 2025 10:34 AM"
502,BLUE,blue,blue,3596.0,True,"Apr 02, 2025 10:34 AM"
503,GREEN,red,red,1999.0,True,"Apr 02, 2025 10:34 AM"
504,BLUE,blue,blue,2797.0,True,"Apr 02, 2025 10:34 AM"
505,YELLOW,green,green,3182.0,True,"Apr 02, 2025 10:44 AM"
506,YELLOW,red,red,1140.0,True,"Apr 02, 2025 10:44 AM"
507,GREEN,blue,blue,1883.0,True,"Apr 02, 2025 10:44 AM"
508,RED,green,green,1499.0,True,"Apr 02, 2025 10:44 AM"
509,BLUE,blue,blue,2513.0,True,"Apr 02, 2025 10:44 AM"
510,BLUE,green,green,2104.0,True,"Apr 02, 2025 10:51 AM"
511,BLUE,blue,blue,2127.0,True,"Apr 02, 2025 10:51 AM"
512,GREEN,red,red,1732.0,True,"Apr 02, 2025 10:52 AM"
513,RED,red,red,1082.0,True,"Apr 02, 2025 10:52 AM"
514,GREEN,yellow,yellow,1582.0,True,"Apr 02, 2025 10:52 AM"
515,YELLOW,red,red,1900.0,True,"Apr 02, 2025 10:52 AM"
516,BLUE,red,red,1314.0,True,"Apr 02, 2025 10:52 AM"
517,RED,yellow,yellow,1682.0,True,"Apr 02, 2025 10:52 AM"
518,BLUE,red,red,1382.0,True,"Apr 02, 2025 10:52 AM"
519,RED,green,green,1648.0,True,"Apr 02, 2025 10:52 AM"
520,YELLOW,blue,blue,1398.0,True,"Apr 02, 2025 10:52 AM"
521,GREEN,green,green,1366.0,True,"Apr 02, 2025 10:52 AM"
522,BLUE,green,green,1366.0,True,"Apr 02, 2025 10:52 AM"
523,YELLOW,red,red,1531.0,True,"Apr 02, 2025 10:52 AM"
524,YELLOW,blue,blue,1616.0,True,"Apr 02, 2025 10:52 AM"
525,RED,red,red,1450.0,True,"Apr 02, 2025 10:52 AM"
526,RED,blue,blue,1798.0,True,"Apr 02, 2025 10:52 AM"
527,YELLOW,green,green,1299.0,True,"Apr 02, 2025 10:52 AM"
528,GREEN,red,red,1598.0,True,"Apr 02, 2025 10:52 AM"
529,YELLOW,blue,blue,1466.0,True,"Apr 02, 2025 10:52 AM"
530,RED,yellow,yellow,2330.0,True,"Apr 02, 2025 11:06 AM"
531,RED,red,red,2423.0,True,"Apr 02, 2025 11:06 AM"
532,YELLOW,red,red,1607.0,True,"Apr 02, 2025 11:06 AM"
533,RED,green,green,1248.0,True,"Apr 02, 2025 11:06 AM"
534,YELLOW,green,green,1208.0,True,"Apr 02, 2025 11:07 AM"
535,BLUE,blue,blue,1136.0,True,"Apr 02, 2025 11:07 AM"
536,GREEN,yellow,yellow,1231.0,True,"Apr 02, 2025 11:07 AM"
537,RED,yellow,yellow,1399.0,True,"Apr 02, 2025 11:07 AM"
538,BLUE,green,green,2415.0,True,"Apr 02, 2025 11:07 AM"
539,RED,green,green,2591.0,True,"Apr 02, 2025 11:07 AM"
540,BLUE,blue,blue,1456.0,True,"Apr 02, 2025 11:07 AM"
541,GREEN,red,red,1912.0,True,"Apr 02, 2025 11:07 AM"
542,RED,yellow,yellow,1376.0,True,"Apr 02, 2025 11:07 AM"
543,BLUE,green,green,1447.0,True,"Apr 02, 2025 11:07 AM"
544,YELLOW,blue,blue,2424.0,True,"Apr 02, 2025 11:07 AM"
545,YELLOW,green,green,1248.0,True,"Apr 02, 2025 11:07 AM"
546,RED,blue,blue,1920.0,True,"Apr 02, 2025 11:07 AM"
547,BLUE,green,green,2456.0,True,"Apr 02, 2025 11:07 AM"
548,YELLOW,green,green,952.0,True,"Apr 02, 2025 11:07 AM"
549,BLUE,green,green,832.0,True,"Apr 02, 2025 11:07 AM"
550,RED,red,red,1432.0,True,"Apr 02, 2025 11:19 AM"
551,GREEN,red,red,2347.0,True,"Apr 02, 2025 11:19 AM"
552,GREEN,red,red,4221.0,True,"Apr 02, 2025 11:19 AM"
553,BLUE,red,red,1714.0,True,"Apr 02, 2025 11:19 AM"
554,BLUE,red,red,1576.0,True,"Apr 02, 2025 11:19 AM"
555,GREEN,red,red,1172.0,True,"Apr 02, 2025 11:19 AM"
556,GREEN,green,green,1991.0,True,"Apr 02, 2025 11:19 AM"
557,BLUE,green,green,1868.0,True,"Apr 02, 2025 11:19 AM"
558,YELLOW,green,green,1221.0,True,"Apr 02, 2025 11:19 AM"
559,YELLOW,red,red,1363.0,True,"Apr 02, 2025 11:19 AM"
560,BLUE,yellow,yellow,1477.0,True,"Apr 02, 2025 11:20 AM"
561,RED,red,red,1200.0,True,"Apr 02, 2025 11:20 AM"
562,GREEN,yellow,yellow,1562.0,True,"Apr 02, 2025 11:20 AM"
563,BLUE,blue,blue,1533.0,True,"Apr 02, 2025 11:20 AM"
564,GREEN,blue,blue,1860.0,True,"Apr 02, 2025 11:20 AM"
565,GREEN,blue,blue,1214.0,True,"Apr 02, 2025 11:20 AM"
566,YELLOW,yellow,yellow,1390.0,True,"Apr 02, 2025 11:20 AM"
567,BLUE,yellow,yellow,1284.0,True,"Apr 02, 2025 11:20 AM"
568,RED,green,green,1563.0,True,"Apr 02, 2025 11:20 AM"
569,BLUE,blue,blue,1231.0,True,"Apr 02, 2025 11:20 AM"
570,YELLOW,red,red,3493.0,True,"Apr 02, 2025 11:50 AM"
571,GREEN,blue,green,2078.0,False,"Apr 02, 2025 11:50 AM"
572,GREEN,blue,blue,2633.0,True,"Apr 02, 2025 11:50 AM"
573,BLUE,yellow,yellow,5702.0,True,"Apr 02, 2025 11:50 AM"
574,GREEN,blue,blue,1704.0,True,"Apr 02, 2025 11:50 AM"
575,GREEN,yellow,yellow,2511.0,True,"Apr 02, 2025 11:50 AM"
576,GREEN,red,red,1569.0,True,"Apr 02, 2025 11:50 AM"
577,GREEN,green,green,1824.0,True,"Apr 02, 2025 11:51 AM"
578,YELLOW,green,green,2983.0,True,"Apr 02, 2025 11:51 AM"
579,YELLOW,red,red,1687.0,True,"Apr 02, 2025 11:51 AM"
580,YELLOW,green,green,2239.0,True,"Apr 02, 2025 11:51 AM"
581,GREEN,green,green,2007.0,True,"Apr 02, 2025 11:51 AM"
582,YELLOW,green,green,2527.0,True,"Apr 02, 2025 11:51 AM"
583,BLUE,blue,blue,2016.0,True,"Apr 02, 2025 11:51 AM"
584,GREEN,blue,blue,2360.0,True,"Apr 02, 2025 11:51 AM"
585,BLUE,blue,blue,1208.0,True,"Apr 02, 2025 11:51 AM"
586,BLUE,green,green,2616.0,True,"Apr 02, 2025 11:51 AM"
587,YELLOW,yellow,yellow,2496.0,True,"Apr 02, 2025 11:51 AM"
588,YELLOW,blue,blue,3832.0,True,"Apr 02, 2025 11:51 AM"
589,GREEN,blue,blue,1648.0,True,"Apr 02, 2025 11:51 AM"
590,BLUE,green,green,2544.0,True,"Apr 02, 2025 11:52 AM"
591,RED,blue,blue,1968.0,True,"Apr 02, 2025 11:52 AM"
592,YELLOW,yellow,yellow,2790.0,True,"Apr 02, 2025 11:52 AM"
593,BLUE,blue,blue,3408.0,True,"Apr 02, 2025 11:52 AM"
594,BLUE,blue,blue,1784.0,True,"Apr 02, 2025 11:51 AM"
595,RED,green,green,1319.0,True,"Apr 02, 2025 11:51 AM"
596,BLUE,yellow,yellow,1320.0,True,"Apr 02, 2025 11:52 AM"
597,RED,blue,blue,2392.0,True,"Apr 02, 2025 11:51 AM"
598,YELLOW,red,red,1846.0,True,"Apr 02, 2025 11:51 AM"
599,BLUE,green,green,2377.0,True,"Apr 02, 2025 11:51 AM"
600,YELLOW,green,green,3367.0,True,"Apr 02, 2025 11:52 AM"
601,RED,green,green,2185.0,True,"Apr 02, 2025 11:52 AM"
602,RED,red,red,1747.0,True,"Apr 02, 2025 11:51 AM"
603,BLUE,red,red,1879.0,True,"Apr 02, 2025 11:51 AM"
604,RED,green,green,2031.0,True,"Apr 02, 2025 11:51 AM"
605,GREEN,green,green,1280.0,True,"Apr 02, 2025 11:51 AM"
606,RED,red,red,3095.0,True,"Apr 02, 2025 11:52 AM"
607,YELLOW,red,red,1257.0,True,"Apr 02, 2025 11:52 AM"
608,YELLOW,blue,blue,2712.0,True,"Apr 02, 2025 11:52 AM"
609,YELLOW,blue,blue,3439.0,True,"Apr 02, 2025 11:52 AM"
610,RED,green,red,2172.0,False,"Apr 02, 2025 11:54 AM"
611,BLUE,green,blue,1720.0,False,"Apr 02, 2025 11:54 AM"
612,BLUE,yellow,blue,2197.0,False,"Apr 02, 2025 11:54 AM"
613,BLUE,blue,blue,1694.0,True,"Apr 02, 2025 11:54 AM"
614,GREEN,red,green,1275.0,False,"Apr 02, 2025 11:54 AM"
615,GREEN,blue,green,1294.0,False,"Apr 02, 2025 11:54 AM"
616,RED,red,red,1331.0,True,"Apr 02, 2025 11:54 AM"
617,YELLOW,green,red,512.0,False,"Apr 02, 2025 11:54 AM"
618,BLUE,blue,yellow,1277.0,False,"Apr 02, 2025 11:54 AM"
619,YELLOW,green,yellow,1920.0,False,"Apr 02, 2025 11:54 AM"
620,GREEN,blue,green,1348.0,False,"Apr 02, 2025 11:54 AM"
621,RED,green,red,1356.0,False,"Apr 02, 2025 11:54 AM"
622,RED,blue,red,1096.0,False,"Apr 02, 2025 11:54 AM"
623,YELLOW,green,yellow,1414.0,False,"Apr 02, 2025 11:55 AM"
624,GREEN,red,green,1441.0,False,"Apr 02, 2025 11:55 AM"
625,RED,yellow,red,1251.0,False,"Apr 02, 2025 11:55 AM"
626,RED,red,red,1424.0,True,"Apr 02, 2025 11:55 AM"
627,RED,blue,red,955.0,False,"Apr 02, 2025 11:55 AM"
628,RED,green,red,1055.0,False,"Apr 02, 2025 11:55 AM"
629,RED,blue,red,911.0,False,"Apr 02, 2025 11:55 AM"
630,BLUE,green,green,2580.0,True,"Apr 02, 2025 12:57 PM"
631,YELLOW,red,red,2545.0,True,"Apr 02, 2025 12:57 PM"
632,BLUE,yellow,yellow,1459.0,True,"Apr 02, 2025 12:57 PM"
633,GREEN,blue,blue,1543.0,True,"Apr 02, 2025 12:57 PM"
634,RED,red,red,1279.0,True,"Apr 02, 2025 12:57 PM"
635,RED,red,red,1607.0,True,"Apr 02, 2025 12:57 PM"
636,BLUE,yellow,yellow,1462.0,True,"Apr 02, 2025 12:57 PM"
637,YELLOW,green,green,1425.0,True,"Apr 02, 2025 12:57 PM"
638,RED,red,red,1474.0,True,"Apr 02, 2025 12:57 PM"
639,RED,red,red,1103.0,True,"Apr 02, 2025 12:57 PM"
640,GREEN,yellow,yellow,1591.0,True,"Apr 02, 2025 12:57 PM"
641,YELLOW,green,green,1609.0,True,"Apr 02, 2025 12:57 PM"
642,GREEN,blue,blue,1101.0,True,"Apr 02, 2025 12:57 PM"
643,BLUE,green,green,1766.0,True,"Apr 02, 2025 12:58 PM"
644,YELLOW,red,yellow,1201.0,False,"Apr 02, 2025 12:58 PM"
645,YELLOW,green,green,1986.0,True,"Apr 02, 2025 12:58 PM"
646,RED,blue,blue,2843.0,True,"Apr 02, 2025 12:58 PM"
647,YELLOW,green,green,1369.0,True,"Apr 02, 2025 12:58 PM"
648,RED,green,green,1062.0,True,"Apr 02, 2025 12:58 PM"
649,GREEN,yellow,yellow,1885.0,True,"Apr 02, 2025 12:58 PM"
650,BLUE,blue,blue,5608.0,True,"Apr 02, 2025 02:00 PM"
651,RED,blue,blue,6512.0,True,"Apr 02, 2025 02:00 PM"
652,GREEN,green,yellow,4566.0,False,"Apr 02, 2025 02:01 PM"
653,RED,yellow,yellow,2001.0,True,"Apr 02, 2025 02:01 PM"
654,BLUE,blue,green,3803.0,False,"Apr 02, 2025 02:01 PM"
655,GREEN,yellow,yellow,12891.0,True,"Apr 02, 2025 02:01 PM"
656,GREEN,yellow,yellow,1104.0,True,"Apr 02, 2025 02:01 PM"
657,BLUE,red,red,2922.0,True,"Apr 02, 2025 02:01 PM"
658,BLUE,green,yellow,3449.0,False,"Apr 02, 2025 02:01 PM"
659,BLUE,yellow,yellow,1759.0,True,"Apr 02, 2025 02:01 PM"
660,GREEN,green,yellow,2127.0,False,"Apr 02, 2025 02:01 PM"
661,YELLOW,green,yellow,1990.0,False,"Apr 02, 2025 02:01 PM"
662,BLUE,red,blue,1562.0,False,"Apr 02, 2025 02:01 PM"
663,YELLOW,blue,blue,1647.0,True,"Apr 02, 2025 02:01 PM"
664,YELLOW,red,blue,1771.0,False,"Apr 02, 2025 02:01 PM"
665,RED,yellow,yellow,2250.0,True,"Apr 02, 2025 02:01 PM"
666,RED,yellow,yellow,1095.0,True,"Apr 02, 2025 02:01 PM"
667,BLUE,green,yellow,2749.0,False,"Apr 02, 2025 02:01 PM"
668,YELLOW,green,green,1087.0,True,"Apr 02, 2025 02:01 PM"
669,RED,red,red,1846.0,True,"Apr 02, 2025 02:01 PM"
670,GREEN,yellow,yellow,5291.0,True,"Apr 02, 2025 02:12 PM"
671,RED,red,red,2134.0,True,"Apr 02, 2025 02:12 PM"
672,GREEN,green,green,1800.0,True,"Apr 02, 2025 02:12 PM"
673,YELLOW,red,red,2697.0,True,"Apr 02, 2025 02:12 PM"
674,RED,red,red,3672.0,True,"Apr 02, 2025 02:12 PM"
675,GREEN,red,green,1627.0,False,"Apr 02, 2025 02:12 PM"
676,YELLOW,green,green,3334.0,True,"Apr 02, 2025 02:12 PM"
677,RED,yellow,yellow,2300.0,True,"Apr 02, 2025 02:12 PM"
678,GREEN,red,red,2730.0,True,"Apr 02, 2025 02:12 PM"
679,YELLOW,green,green,3001.0,True,"Apr 02, 2025 02:12 PM"
680,GREEN,green,green,1780.0,True,"Apr 02, 2025 02:12 PM"
681,RED,yellow,yellow,2201.0,True,"Apr 02, 2025 02:12 PM"
682,GREEN,blue,blue,2784.0,True,"Apr 02, 2025 02:12 PM"
683,GREEN,red,red,1548.0,True,"Apr 02, 2025 02:12 PM"
684,GREEN,yellow,yellow,1683.0,True,"Apr 02, 2025 02:12 PM"
685,BLUE,red,red,2132.0,True,"Apr 02, 2025 02:12 PM"
686,RED,green,green,1547.0,True,"Apr 02, 2025 02:12 PM"
687,RED,blue,blue,1967.0,True,"Apr 02, 2025 02:12 PM"
688,GREEN,red,red,3247.0,True,"Apr 02, 2025 02:13 PM"
689,RED,red,red,1818.0,True,"Apr 02, 2025 02:13 PM"
690,YELLOW,blue,blue,9816.0,True,"Apr 02, 2025 02:18 PM"
691,BLUE,red,red,6009.0,True,"Apr 02, 2025 02:18 PM"
692,YELLOW,yellow,yellow,3182.0,True,"Apr 02, 2025 02:18 PM"
693,GREEN,blue,blue,2940.0,True,"Apr 02, 2025 02:18 PM"
694,YELLOW,blue,blue,3741.0,True,"Apr 02, 2025 02:18 PM"
695,YELLOW,green,green,3120.0,True,"Apr 02, 2025 02:18 PM"
696,RED,green,green,3974.0,True,"Apr 02, 2025 02:18 PM"
697,GREEN,green,green,2056.0,True,"Apr 02, 2025 02:18 PM"
698,BLUE,green,green,3755.0,True,"Apr 02, 2025 02:18 PM"
699,BLUE,blue,blue,2125.0,True,"Apr 02, 2025 02:18 PM"
700,YELLOW,green,green,2752.0,True,"Apr 02, 2025 02:19 PM"
701,YELLOW,red,red,2831.0,True,"Apr 02, 2025 02:19 PM"
702,GREEN,green,green,1957.0,True,"Apr 02, 2025 02:19 PM"
703,GREEN,blue,blue,2413.0,True,"Apr 02, 2025 02:19 PM"
704,GREEN,red,red,7344.0,True,"Apr 02, 2025 02:19 PM"
705,GREEN,red,red,1884.0,True,"Apr 02, 2025 02:19 PM"
706,BLUE,red,red,3013.0,True,"Apr 02, 2025 02:19 PM"
707,RED,green,green,2172.0,True,"Apr 02, 2025 02:19 PM"
708,YELLOW,yellow,yellow,4781.0,True,"Apr 02, 2025 02:19 PM"
709,RED,blue,blue,2165.0,True,"Apr 02, 2025 02:19 PM"
710,BLUE,red,red,3831.0,True,"Apr 02, 2025 03:38 PM"
711,YELLOW,blue,blue,2412.0,True,"Apr 02, 2025 03:38 PM"
712,BLUE,yellow,blue,2278.0,False,"Apr 02, 2025 03:39 PM"
713,BLUE,red,blue,6247.0,False,"Apr 02, 2025 03:39 PM"
714,YELLOW,green,green,2034.0,True,"Apr 02, 2025 03:39 PM"
715,YELLOW,green,green,1399.0,True,"Apr 02, 2025 03:39 PM"
716,GREEN,green,green,2022.0,True,"Apr 02, 2025 03:39 PM"
717,BLUE,blue,blue,2105.0,True,"Apr 02, 2025 03:39 PM"
718,RED,green,green,1983.0,True,"Apr 02, 2025 03:39 PM"
719,RED,blue,red,6979.0,False,"Apr 02, 2025 03:38 PM"
720,GREEN,yellow,yellow,7473.0,True,"Apr 02, 2025 03:39 PM"
721,GREEN,blue,blue,8543.0,True,"Apr 02, 2025 03:39 PM"
722,GREEN,yellow,green,1823.0,False,"Apr 02, 2025 03:39 PM"
723,BLUE,green,green,2914.0,True,"Apr 02, 2025 03:39 PM"
724,RED,red,red,1598.0,True,"Apr 02, 2025 03:39 PM"
725,GREEN,green,green,5168.0,True,"Apr 02, 2025 03:39 PM"
726,BLUE,red,red,2148.0,True,"Apr 02, 2025 03:39 PM"
727,GREEN,yellow,yellow,1459.0,True,"Apr 02, 2025 03:39 PM"
728,BLUE,yellow,yellow,1637.0,True,"Apr 02, 2025 03:39 PM"
729,YELLOW,green,green,2508.0,True,"Apr 02, 2025 03:39 PM"
730,RED,blue,yellow,10401.0,False,"Apr 02, 2025 03:58 PM"
731,BLUE,red,red,9048.0,True,"Apr 02, 2025 03:58 PM"
732,RED,red,blue,8522.0,False,"Apr 02, 2025 03:58 PM"
733,YELLOW,red,red,7829.0,True,"Apr 02, 2025 03:58 PM"
734,RED,red,blue,2886.0,False,"Apr 02, 2025 03:58 PM"
735,BLUE,yellow,yellow,3975.0,True,"Apr 02, 2025 03:58 PM"
736,GREEN,blue,blue,3583.0,True,"Apr 02, 2025 03:59 PM"
737,GREEN,green,green,2812.0,True,"Apr 02, 2025 03:59 PM"
738,GREEN,green,green,2041.0,True,"Apr 02, 2025 03:59 PM"
739,GREEN,green,blue,887.0,False,"Apr 02, 2025 03:59 PM"
740,YELLOW,red,yellow,1328.0,False,"Apr 02, 2025 03:59 PM"
741,YELLOW,green,green,604.0,True,"Apr 02, 2025 03:59 PM"
742,YELLOW,red,blue,712.0,False,"Apr 02, 2025 03:59 PM"
743,RED,green,red,574.0,False,"Apr 02, 2025 03:59 PM"
744,BLUE,green,blue,555.0,False,"Apr 02, 2025 03:59 PM"
745,BLUE,yellow,green,548.0,False,"Apr 02, 2025 03:59 PM"
746,GREEN,green,yellow,572.0,False,"Apr 02, 2025 03:59 PM"
747,YELLOW,red,green,394.0,False,"Apr 02, 2025 03:59 PM"
748,YELLOW,blue,blue,404.0,True,"Apr 02, 2025 03:59 PM"
749,RED,red,red,402.0,True,"Apr 02, 2025 03:59 PM"
750,GREEN,yellow,yellow,3270.0,True,"Apr 02, 2025 04:15 PM"
751,BLUE,red,red,1750.0,True,"Apr 02, 2025 04:15 PM"
752,RED,yellow,yellow,1775.0,True,"Apr 02, 2025 04:15 PM"
753,GREEN,green,green,1462.0,True,"Apr 02, 2025 04:15 PM"
754,RED,yellow,yellow,2017.0,True,"Apr 02, 2025 04:15 PM"
755,RED,blue,blue,1620.0,True,"Apr 02, 2025 04:15 PM"
756,RED,yellow,yellow,1453.0,True,"Apr 02, 2025 04:15 PM"
757,RED,blue,blue,1267.0,True,"Apr 02, 2025 04:16 PM"
758,GREEN,yellow,yellow,1643.0,True,"Apr 02, 2025 04:16 PM"
759,GREEN,yellow,yellow,1199.0,True,"Apr 02, 2025 04:16 PM"
760,BLUE,red,red,1524.0,True,"Apr 02, 2025 04:16 PM"
761,BLUE,red,red,1638.0,True,"Apr 02, 2025 04:16 PM"
762,RED,red,red,1274.0,True,"Apr 02, 2025 04:16 PM"
763,YELLOW,yellow,yellow,1227.0,True,"Apr 02, 2025 04:16 PM"
764,GREEN,red,red,1719.0,True,"Apr 02, 2025 04:16 PM"
765,BLUE,yellow,yellow,1238.0,True,"Apr 02, 2025 04:16 PM"
766,YELLOW,red,red,1464.0,True,"Apr 02, 2025 04:16 PM"
767,GREEN,red,red,2237.0,True,"Apr 02, 2025 04:16 PM"
768,GREEN,red,red,1463.0,True,"Apr 02, 2025 04:16 PM"
769,GREEN,yellow,yellow,1220.0,True,"Apr 02, 2025 04:16 PM"
770,BLUE,yellow,yellow,10589.0,True,"Apr 02, 2025 04:57 PM"
771,RED,red,red,2091.0,True,"Apr 02, 2025 04:57 PM"
772,BLUE,blue,blue,1614.0,True,"Apr 02, 2025 04:57 PM"
773,RED,blue,blue,2180.0,True,"Apr 02, 2025 04:57 PM"
774,YELLOW,green,green,3396.0,True,"Apr 02, 2025 04:58 PM"
775,YELLOW,red,red,2315.0,True,"Apr 02, 2025 04:58 PM"
776,RED,blue,blue,2168.0,True,"Apr 02, 2025 04:58 PM"
777,GREEN,blue,blue,2141.0,True,"Apr 02, 2025 04:58 PM"
778,RED,red,red,3876.0,True,"Apr 02, 2025 04:58 PM"
779,YELLOW,blue,blue,2382.0,True,"Apr 02, 2025 04:58 PM"
780,GREEN,yellow,yellow,2776.0,True,"Apr 02, 2025 04:58 PM"
781,BLUE,green,green,3269.0,True,"Apr 02, 2025 04:58 PM"
782,BLUE,yellow,yellow,56254.0,True,"Apr 02, 2025 04:59 PM"
783,GREEN,yellow,yellow,1282.0,True,"Apr 02, 2025 04:59 PM"
784,RED,blue,blue,1548.0,True,"Apr 02, 2025 04:59 PM"
785,RED,blue,blue,2084.0,True,"Apr 02, 2025 04:59 PM"
786,BLUE,green,green,1824.0,True,"Apr 02, 2025 04:59 PM"
787,BLUE,yellow,yellow,1366.0,True,"Apr 02, 2025 04:59 PM"
788,YELLOW,yellow,yellow,1364.0,True,"Apr 02, 2025 04:59 PM"
789,GREEN,blue,blue,1525.0,True,"Apr 02, 2025 04:59 PM"
790,GREEN,green,green,1955.0,True,"Apr 02, 2025 05:10 PM"
791,YELLOW,yellow,yellow,1857.0,True,"Apr 02, 2025 05:10 PM"
792,YELLOW,green,green,2555.0,True,"Apr 02, 2025 05:10 PM"
793,GREEN,green,green,1593.0,True,"Apr 02, 2025 05:10 PM"
794,GREEN,red,red,2131.0,True,"Apr 02, 2025 05:10 PM"
795,YELLOW,blue,yellow,1902.0,False,"Apr 02, 2025 05:10 PM"
796,BLUE,red,red,1883.0,True,"Apr 02, 2025 05:10 PM"
797,GREEN,red,red,1547.0,True,"Apr 02, 2025 05:10 PM"
798,BLUE,blue,blue,1993.0,True,"Apr 02, 2025 05:10 PM"
799,BLUE,red,red,1829.0,True,"Apr 02, 2025 05:10 PM"
800,YELLOW,yellow,yellow,1690.0,True,"Apr 02, 2025 05:10 PM"
801,YELLOW,yellow,yellow,1584.0,True,"Apr 02, 2025 05:10 PM"
802,RED,blue,blue,3254.0,True,"Apr 02, 2025 05:10 PM"
803,YELLOW,yellow,yellow,1973.0,True,"Apr 02, 2025 05:10 PM"
804,YELLOW,green,green,1960.0,True,"Apr 02, 2025 05:10 PM"
805,GREEN,green,green,1426.0,True,"Apr 02, 2025 05:10 PM"
806,BLUE,blue,blue,2073.0,True,"Apr 02, 2025 05:10 PM"
807,GREEN,yellow,yellow,1878.0,True,"Apr 02, 2025 05:11 PM"
808,GREEN,green,green,1581.0,True,"Apr 02, 2025 05:11 PM"
809,YELLOW,yellow,yellow,1691.0,True,"Apr 02, 2025 05:11 PM"
810,RED,red,red,16330.0,True,"Apr 02, 2025 05:32 PM"
811,RED,red,red,7403.0,True,"Apr 02, 2025 05:32 PM"
812,BLUE,blue,blue,7966.0,True,"Apr 02, 2025 05:32 PM"
813,YELLOW,blue,blue,2881.0,True,"Apr 02, 2025 05:32 PM"
814,GREEN,red,red,2457.0,True,"Apr 02, 2025 05:32 PM"
815,YELLOW,red,red,3264.0,True,"Apr 02, 2025 05:32 PM"
816,GREEN,yellow,yellow,3556.0,True,"Apr 02, 2025 05:32 PM"
817,BLUE,yellow,blue,3706.0,False,"Apr 02, 2025 05:32 PM"
818,YELLOW,yellow,yellow,3532.0,True,"Apr 02, 2025 05:33 PM"
819,RED,green,green,3248.0,True,"Apr 02, 2025 05:33 PM"
820,BLUE,green,green,2857.0,True,"Apr 02, 2025 05:33 PM"
821,BLUE,blue,blue,4147.0,True,"Apr 02, 2025 05:33 PM"
822,YELLOW,red,red,2415.0,True,"Apr 02, 2025 05:33 PM"
823,RED,green,green,2956.0,True,"Apr 02, 2025 05:33 PM"
824,RED,green,green,3155.0,True,"Apr 02, 2025 05:33 PM"
825,YELLOW,blue,blue,2949.0,True,"Apr 02, 2025 05:33 PM"
826,BLUE,red,red,2406.0,True,"Apr 02, 2025 05:33 PM"
827,BLUE,yellow,yellow,2097.0,True,"Apr 02, 2025 05:33 PM"
828,BLUE,red,red,2015.0,True,"Apr 02, 2025 05:33 PM"
829,BLUE,blue,blue,2432.0,True,"Apr 02, 2025 05:33 PM"
830,BLUE,blue,blue,3437.0,True,"Apr 02, 2025 05:35 PM"
831,GREEN,yellow,green,2922.0,False,"Apr 02, 2025 05:35 PM"
832,BLUE,yellow,yellow,16969.0,True,"Apr 02, 2025 05:35 PM"
833,BLUE,blue,blue,2362.0,True,"Apr 02, 2025 05:35 PM"
834,RED,green,green,3051.0,True,"Apr 02, 2025 05:35 PM"
835,RED,red,red,2118.0,True,"Apr 02, 2025 05:35 PM"
836,RED,blue,blue,4032.0,True,"Apr 02, 2025 05:35 PM"
837,GREEN,blue,blue,3631.0,True,"Apr 02, 2025 05:36 PM"
838,YELLOW,green,green,2886.0,True,"Apr 02, 2025 05:36 PM"
839,BLUE,blue,green,614.0,False,"Apr 02, 2025 05:36 PM"
840,RED,yellow,green,2051.0,False,"Apr 02, 2025 05:36 PM"
841,RED,red,red,3568.0,True,"Apr 02, 2025 05:36 PM"
842,RED,red,red,1966.0,True,"Apr 02, 2025 05:36 PM"
843,YELLOW,green,green,2430.0,True,"Apr 02, 2025 05:36 PM"
844,YELLOW,green,green,1929.0,True,"Apr 02, 2025 05:36 PM"
845,BLUE,red,red,2679.0,True,"Apr 02, 2025 05:35 PM"
846,YELLOW,yellow,yellow,2682.0,True,"Apr 02, 2025 05:35 PM"
847,BLUE,green,green,2900.0,True,"Apr 02, 2025 05:36 PM"
848,YELLOW,blue,blue,2394.0,True,"Apr 02, 2025 05:36 PM"
849,YELLOW,yellow,yellow,2963.0,True,"Apr 02, 2025 05:36 PM"
850,RED,blue,blue,3216.0,True,"Apr 02, 2025 05:36 PM"
851,YELLOW,yellow,yellow,2231.0,True,"Apr 02, 2025 05:36 PM"
852,BLUE,red,red,2233.0,True,"Apr 02, 2025 05:37 PM"
853,GREEN,red,red,3129.0,True,"Apr 02, 2025 05:35 PM"
854,YELLOW,blue,blue,2415.0,True,"Apr 02, 2025 05:36 PM"
855,RED,green,green,2976.0,True,"Apr 02, 2025 05:36 PM"
856,YELLOW,blue,blue,2284.0,True,"Apr 02, 2025 05:36 PM"
857,GREEN,blue,blue,2266.0,True,"Apr 02, 2025 05:36 PM"
858,RED,yellow,yellow,2859.0,True,"Apr 02, 2025 05:36 PM"
859,YELLOW,blue,blue,2436.0,True,"Apr 02, 2025 05:36 PM"
860,YELLOW,red,red,1897.0,True,"Apr 02, 2025 05:36 PM"
861,RED,blue,green,3706.0,False,"Apr 02, 2025 05:36 PM"
862,RED,red,red,2083.0,True,"Apr 02, 2025 05:36 PM"
863,GREEN,green,green,582.0,True,"Apr 02, 2025 05:36 PM"
864,GREEN,green,green,2532.0,True,"Apr 02, 2025 05:36 PM"
865,GREEN,red,green,1660.0,False,"Apr 02, 2025 05:36 PM"
866,RED,green,red,1785.0,False,"Apr 02, 2025 05:36 PM"
867,YELLOW,red,red,2918.0,True,"Apr 02, 2025 05:36 PM"
868,YELLOW,green,green,1879.0,True,"Apr 02, 2025 05:36 PM"
869,RED,blue,blue,3350.0,True,"Apr 02, 2025 05:36 PM"
870,BLUE,blue,blue,5017.0,True,"Apr 02, 2025 05:37 PM"
871,GREEN,yellow,yellow,2099.0,True,"Apr 02, 2025 05:37 PM"
872,GREEN,blue,blue,2101.0,True,"Apr 02, 2025 05:37 PM"
873,GREEN,yellow,yellow,1679.0,True,"Apr 02, 2025 05:37 PM"
874,RED,blue,blue,2234.0,True,"Apr 02, 2025 05:37 PM"
875,YELLOW,blue,blue,2398.0,True,"Apr 02, 2025 05:37 PM"
876,GREEN,blue,blue,1732.0,True,"Apr 02, 2025 05:37 PM"
877,GREEN,blue,blue,1530.0,True,"Apr 02, 2025 05:37 PM"
878,RED,green,green,2251.0,True,"Apr 02, 2025 05:37 PM"
879,RED,blue,blue,1830.0,True,"Apr 02, 2025 05:37 PM"
880,GREEN,yellow,yellow,1999.0,True,"Apr 02, 2025 05:37 PM"
881,GREEN,yellow,yellow,1666.0,True,"Apr 02, 2025 05:37 PM"
882,RED,red,red,1881.0,True,"Apr 02, 2025 05:37 PM"
883,GREEN,red,red,1718.0,True,"Apr 02, 2025 05:37 PM"
884,GREEN,green,green,1646.0,True,"Apr 02, 2025 05:37 PM"
885,GREEN,green,green,1311.0,True,"Apr 02, 2025 05:37 PM"
886,BLUE,yellow,yellow,2130.0,True,"Apr 02, 2025 05:37 PM"
887,RED,red,red,1680.0,True,"Apr 02, 2025 05:37 PM"
888,YELLOW,blue,blue,2331.0,True,"Apr 02, 2025 05:37 PM"
889,YELLOW,blue,blue,1331.0,True,"Apr 02, 2025 05:37 PM"
890,RED,green,green,1579.0,True,"Apr 02, 2025 06:01 PM"
891,YELLOW,blue,blue,2423.0,True,"Apr 02, 2025 06:01 PM"
892,YELLOW,yellow,yellow,1099.0,True,"Apr 02, 2025 06:01 PM"
893,BLUE,red,red,1191.0,True,"Apr 02, 2025 06:01 PM"
894,GREEN,yellow,yellow,1636.0,True,"Apr 02, 2025 06:01 PM"
895,BLUE,yellow,yellow,1511.0,True,"Apr 02, 2025 06:01 PM"
896,GREEN,yellow,yellow,708.0,True,"Apr 02, 2025 06:01 PM"
897,RED,green,green,1344.0,True,"Apr 02, 2025 06:01 PM"
898,GREEN,green,green,853.0,True,"Apr 02, 2025 06:01 PM"
899,YELLOW,blue,blue,1156.0,True,"Apr 02, 2025 06:01 PM"
900,RED,yellow,yellow,1309.0,True,"Apr 02, 2025 06:01 PM"
901,BLUE,blue,blue,1562.0,True,"Apr 02, 2025 06:01 PM"
902,BLUE,green,green,1728.0,True,"Apr 02, 2025 06:01 PM"
903,BLUE,yellow,yellow,1448.0,True,"Apr 02, 2025 06:01 PM"
904,YELLOW,red,red,1184.0,True,"Apr 02, 2025 06:01 PM"
905,RED,red,red,874.0,True,"Apr 02, 2025 06:01 PM"
906,YELLOW,green,green,1107.0,True,"Apr 02, 2025 06:01 PM"
907,RED,yellow,yellow,1299.0,True,"Apr 02, 2025 06:01 PM"
908,RED,blue,blue,1722.0,True,"Apr 02, 2025 06:01 PM"
909,YELLOW,red,red,1757.0,True,"Apr 02, 2025 06:01 PM"
910,RED,blue,blue,3329.0,True,"Apr 02, 2025 06:06 PM"
911,RED,yellow,blue,6268.0,False,"Apr 02, 2025 06:06 PM"
912,GREEN,blue,blue,2256.0,True,"Apr 02, 2025 06:06 PM"
913,YELLOW,blue,blue,5951.0,True,"Apr 02, 2025 06:06 PM"
914,GREEN,blue,blue,3164.0,True,"Apr 02, 2025 06:06 PM"
915,RED,blue,blue,5716.0,True,"Apr 02, 2025 06:07 PM"
916,RED,green,blue,1263.0,False,"Apr 02, 2025 06:07 PM"
917,GREEN,green,green,3407.0,True,"Apr 02, 2025 06:34 PM"
918,YELLOW,blue,blue,2987.0,True,"Apr 02, 2025 06:34 PM"
919,BLUE,green,green,1684.0,True,"Apr 02, 2025 06:34 PM"
920,RED,yellow,yellow,1621.0,True,"Apr 02, 2025 06:34 PM"
921,GREEN,green,green,1682.0,True,"Apr 02, 2025 06:34 PM"
922,BLUE,green,green,1866.0,True,"Apr 02, 2025 06:34 PM"
923,RED,red,red,2066.0,True,"Apr 02, 2025 06:34 PM"
924,RED,blue,blue,1449.0,True,"Apr 02, 2025 06:34 PM"
925,YELLOW,green,green,2517.0,True,"Apr 02, 2025 06:34 PM"
926,YELLOW,yellow,yellow,1823.0,True,"Apr 02, 2025 06:34 PM"
927,GREEN,blue,blue,1775.0,True,"Apr 02, 2025 06:34 PM"
928,BLUE,blue,blue,1581.0,True,"Apr 02, 2025 06:34 PM"
929,GREEN,yellow,yellow,2556.0,True,"Apr 02, 2025 06:34 PM"
930,GREEN,yellow,yellow,1712.0,True,"Apr 02, 2025 06:34 PM"
931,YELLOW,yellow,yellow,1897.0,True,"Apr 02, 2025 06:34 PM"
932,BLUE,yellow,yellow,1750.0,True,"Apr 02, 2025 06:34 PM"
933,BLUE,green,green,1709.0,True,"Apr 02, 2025 06:34 PM"
934,BLUE,blue,blue,1550.0,True,"Apr 02, 2025 06:34 PM"
935,BLUE,green,green,1458.0,True,"Apr 02, 2025 06:34 PM"
936,GREEN,red,red,1648.0,True,"Apr 02, 2025 06:34 PM"
937,BLUE,green,green,2420.0,True,"Apr 02, 2025 10:51 PM"
938,GREEN,green,green,2309.0,True,"Apr 02, 2025 10:51 PM"
939,RED,red,red,2009.0,True,"Apr 02, 2025 10:51 PM"
940,RED,red,red,1704.0,True,"Apr 02, 2025 10:51 PM"
941,RED,blue,blue,7606.0,True,"Apr 03, 2025 12:05 AM"
942,RED,green,blue,4625.0,False,"Apr 03, 2025 12:05 AM"
943,YELLOW,green,yellow,8818.0,False,"Apr 03, 2025 12:05 AM"
944,RED,red,red,5332.0,True,"Apr 03, 2025 12:05 AM"
945,RED,yellow,yellow,2599.0,True,"Apr 03, 2025 12:05 AM"
946,BLUE,red,red,3843.0,True,"Apr 03, 2025 12:05 AM"
947,YELLOW,red,yellow,1604.0,False,"Apr 03, 2025 12:05 AM"
948,RED,blue,blue,2186.0,True,"Apr 03, 2025 12:05 AM"
949,GREEN,green,green,3971.0,True,"Apr 03, 2025 12:06 AM"
950,GREEN,blue,blue,4635.0,True,"Apr 03, 2025 12:06 AM"
951,YELLOW,red,red,2501.0,True,"Apr 03, 2025 12:06 AM"
952,YELLOW,yellow,yellow,2135.0,True,"Apr 03, 2025 12:06 AM"
953,RED,green,green,2513.0,True,"Apr 03, 2025 12:06 AM"
954,RED,red,blue,2450.0,False,"Apr 03, 2025 12:06 AM"
955,GREEN,red,red,4807.0,True,"Apr 03, 2025 12:06 AM"
956,YELLOW,green,green,1784.0,True,"Apr 03, 2025 12:06 AM"
957,YELLOW,blue,blue,3046.0,True,"Apr 03, 2025 12:06 AM"
958,RED,green,green,2518.0,True,"Apr 03, 2025 12:06 AM"
959,BLUE,blue,blue,2848.0,True,"Apr 03, 2025 12:06 AM"
960,YELLOW,green,yellow,5332.0,False,"Apr 03, 2025 12:06 AM"
961,BLUE,yellow,yellow,2306.0,True,"Apr 03, 2025 12:53 AM"
962,GREEN,yellow,green,1730.0,False,"Apr 03, 2025 12:53 AM"
963,BLUE,red,red,2820.0,True,"Apr 03, 2025 12:53 AM"
964,GREEN,red,yellow,2053.0,False,"Apr 03, 2025 12:53 AM"
965,RED,red,red,2161.0,True,"Apr 03, 2025 09:00 AM"
966,GREEN,green,yellow,2314.0,False,"Apr 03, 2025 12:53 AM"
967,BLUE,red,red,2068.0,True,"Apr 03, 2025 12:54 AM"
968,RED,red,red,1703.0,True,"Apr 03, 2025 12:54 AM"
969,GREEN,green,yellow,2016.0,False,"Apr 03, 2025 12:54 AM"
970,YELLOW,yellow,yellow,1878.0,True,"Apr 03, 2025 12:54 AM"
971,GREEN,yellow,yellow,2618.0,True,"Apr 03, 2025 12:54 AM"
972,RED,blue,blue,5903.0,True,"Apr 03, 2025 12:58 AM"
973,RED,green,green,3738.0,True,"Apr 03, 2025 12:59 AM"
974,YELLOW,green,green,2598.0,True,"Apr 03, 2025 12:59 AM"
975,YELLOW,yellow,yellow,1703.0,True,"Apr 03, 2025 12:59 AM"
976,BLUE,blue,blue,1880.0,True,"Apr 03, 2025 12:59 AM"
977,YELLOW,red,red,2227.0,True,"Apr 03, 2025 12:59 AM"
978,BLUE,blue,green,1530.0,False,"Apr 03, 2025 12:54 AM"
979,GREEN,blue,blue,3182.0,True,"Apr 03, 2025 12:54 AM"
980,RED,red,red,1920.0,True,"Apr 03, 2025 12:54 AM"
981,RED,blue,green,2295.0,False,"Apr 03, 2025 12:54 AM"
982,BLUE,yellow,yellow,2152.0,True,"Apr 03, 2025 12:54 AM"
983,YELLOW,yellow,yellow,1185.0,True,"Apr 03, 2025 12:54 AM"
984,YELLOW,yellow,yellow,2476.0,True,"Apr 03, 2025 12:58 AM"
985,GREEN,yellow,green,1994.0,False,"Apr 03, 2025 12:59 AM"
986,RED,yellow,yellow,3260.0,True,"Apr 03, 2025 12:59 AM"
987,BLUE,green,green,2522.0,True,"Apr 03, 2025 12:59 AM"
988,BLUE,red,red,2701.0,True,"Apr 03, 2025 12:59 AM"
989,BLUE,green,green,2437.0,True,"Apr 03, 2025 12:59 AM"
990,GREEN,red,red,2789.0,True,"Apr 03, 2025 12:59 AM"
991,GREEN,green,green,2565.0,True,"Apr 03, 2025 12:59 AM"
992,RED,blue,blue,2640.0,True,"Apr 03, 2025 12:54 AM"
993,GREEN,green,green,1375.0,True,"Apr 03, 2025 12:54 AM"
994,YELLOW,blue,blue,2241.0,True,"Apr 03, 2025 12:54 AM"
995,YELLOW,green,green,2283.0,True,"Apr 03, 2025 12:54 AM"
996,BLUE,blue,blue,3507.0,True,"Apr 03, 2025 12:59 AM"
997,RED,yellow,yellow,2485.0,True,"Apr 03, 2025 12:59 AM"
998,RED,red,red,2620.0,True,"Apr 03, 2025 12:59 AM"
999,RED,yellow,yellow,2457.0,True,"Apr 03, 2025 12:59 AM"
1000,YELLOW,red,red,1699.0,True,"Apr 03, 2025 12:59 AM"
1001,RED,yellow,yellow,2193.0,True,"Apr 03, 2025 12:59 AM"
1002,BLUE,blue,blue,2906.0,True,"Apr 03, 2025 02:10 AM"
1003,BLUE,blue,blue,3173.0,True,"Apr 03, 2025 02:10 AM"
1004,BLUE,red,red,6185.0,True,"Apr 03, 2025 02:10 AM"
1005,YELLOW,red,yellow,1926.0,False,"Apr 03, 2025 02:10 AM"
1006,GREEN,green,green,2390.0,True,"Apr 03, 2025 02:10 AM"
1007,GREEN,yellow,yellow,2691.0,True,"Apr 03, 2025 02:10 AM"
1008,RED,blue,blue,1977.0,True,"Apr 03, 2025 02:11 AM"
1009,BLUE,green,green,2097.0,True,"Apr 03, 2025 02:11 AM"
1010,RED,blue,blue,2557.0,True,"Apr 03, 2025 02:11 AM"
1011,YELLOW,blue,blue,2062.0,True,"Apr 03, 2025 02:11 AM"
1012,BLUE,blue,blue,1604.0,True,"Apr 03, 2025 02:11 AM"
1013,GREEN,blue,green,2280.0,False,"Apr 03, 2025 02:11 AM"
1014,RED,green,green,2346.0,True,"Apr 03, 2025 02:11 AM"
1015,YELLOW,blue,blue,2154.0,True,"Apr 03, 2025 02:11 AM"
1016,GREEN,green,green,2213.0,True,"Apr 03, 2025 02:11 AM"
1017,RED,red,red,1618.0,True,"Apr 03, 2025 02:11 AM"
1018,GREEN,green,green,1380.0,True,"Apr 03, 2025 02:11 AM"
1019,BLUE,red,red,1397.0,True,"Apr 03, 2025 02:11 AM"
1020,GREEN,yellow,yellow,1699.0,True,"Apr 03, 2025 02:11 AM"
1021,GREEN,red,red,1306.0,True,"Apr 03, 2025 02:11 AM"
1022,GREEN,green,green,3698.0,True,"Apr 03, 2025 02:21 AM"
1023,YELLOW,yellow,green,1284.0,False,"Apr 03, 2025 02:21 AM"
1024,YELLOW,yellow,yellow,2636.0,True,"Apr 03, 2025 02:21 AM"
1025,YELLOW,red,red,2101.0,True,"Apr 03, 2025 02:21 AM"
1026,YELLOW,yellow,yellow,1741.0,True,"Apr 03, 2025 02:21 AM"
1027,GREEN,red,red,2542.0,True,"Apr 03, 2025 02:21 AM"
1028,BLUE,red,red,2522.0,True,"Apr 03, 2025 02:21 AM"
1029,GREEN,green,green,2223.0,True,"Apr 03, 2025 02:21 AM"
1030,YELLOW,yellow,yellow,2625.0,True,"Apr 03, 2025 02:21 AM"
1031,YELLOW,green,green,2359.0,True,"Apr 03, 2025 02:21 AM"
1032,RED,blue,blue,2190.0,True,"Apr 03, 2025 02:21 AM"
1033,RED,blue,blue,3411.0,True,"Apr 03, 2025 02:21 AM"
1034,YELLOW,red,red,2326.0,True,"Apr 03, 2025 02:21 AM"
1035,BLUE,green,green,3042.0,True,"Apr 03, 2025 02:21 AM"
1036,GREEN,blue,blue,2346.0,True,"Apr 03, 2025 02:22 AM"
1037,YELLOW,green,green,2742.0,True,"Apr 03, 2025 02:22 AM"
1038,YELLOW,yellow,yellow,1753.0,True,"Apr 03, 2025 02:22 AM"
1039,BLUE,red,red,1891.0,True,"Apr 03, 2025 02:22 AM"
1040,GREEN,blue,blue,2577.0,True,"Apr 03, 2025 02:22 AM"
1041,YELLOW,blue,blue,1888.0,True,"Apr 03, 2025 02:22 AM"
1042,GREEN,red,green,6093.0,False,"Apr 03, 2025 02:22 AM"
1043,GREEN,yellow,green,13213.0,False,"Apr 03, 2025 02:23 AM"
1044,BLUE,red,green,1462.0,False,"Apr 03, 2025 02:23 AM"
1045,RED,red,green,6026.0,False,"Apr 03, 2025 02:23 AM"
1046,GREEN,red,blue,11296.0,False,"Apr 03, 2025 02:25 AM"
1047,YELLOW,yellow,blue,3393.0,False,"Apr 03, 2025 02:25 AM"
1048,BLUE,red,blue,4016.0,False,"Apr 03, 2025 02:25 AM"
1049,GREEN,green,blue,4151.0,False,"Apr 03, 2025 02:25 AM"
1050,RED,blue,blue,2373.0,True,"Apr 03, 2025 02:25 AM"
1051,GREEN,red,blue,6516.0,False,"Apr 03, 2025 02:25 AM"
1052,YELLOW,blue,blue,2015.0,True,"Apr 03, 2025 02:25 AM"
1053,BLUE,red,blue,2392.0,False,"Apr 03, 2025 02:25 AM"
1054,BLUE,green,blue,3602.0,False,"Apr 03, 2025 02:30 AM"
1055,BLUE,blue,blue,6502.0,True,"Apr 03, 2025 02:36 AM"
1056,GREEN,blue,blue,4762.0,True,"Apr 03, 2025 02:37 AM"
1057,BLUE,green,green,2378.0,True,"Apr 03, 2025 02:37 AM"
1058,YELLOW,yellow,yellow,2927.0,True,"Apr 03, 2025 02:37 AM"
1059,BLUE,red,red,2355.0,True,"Apr 03, 2025 02:37 AM"
1060,GREEN,blue,blue,2763.0,True,"Apr 03, 2025 02:37 AM"
1061,BLUE,yellow,yellow,1658.0,True,"Apr 03, 2025 02:37 AM"
1062,GREEN,blue,blue,1881.0,True,"Apr 03, 2025 02:37 AM"
1063,YELLOW,red,red,2571.0,True,"Apr 03, 2025 02:37 AM"
1064,GREEN,yellow,yellow,2229.0,True,"Apr 03, 2025 02:37 AM"
1065,GREEN,red,red,2157.0,True,"Apr 03, 2025 02:37 AM"
1066,RED,yellow,yellow,1706.0,True,"Apr 03, 2025 02:37 AM"
1067,GREEN,red,red,2375.0,True,"Apr 03, 2025 02:37 AM"
1068,RED,red,red,2428.0,True,"Apr 03, 2025 02:37 AM"
1069,BLUE,green,green,1681.0,True,"Apr 03, 2025 02:37 AM"
1070,YELLOW,blue,blue,3352.0,True,"Apr 03, 2025 02:37 AM"
1071,YELLOW,blue,blue,8705.0,True,"Apr 03, 2025 02:37 AM"
1072,YELLOW,yellow,yellow,2239.0,True,"Apr 03, 2025 02:37 AM"
1073,YELLOW,yellow,yellow,3528.0,True,"Apr 03, 2025 02:37 AM"
1074,RED,green,green,1590.0,True,"Apr 03, 2025 02:37 AM"
1075,RED,red,red,50844.0,True,"Apr 03, 2025 02:45 AM"
1076,GREEN,red,red,2072.0,True,"Apr 03, 2025 02:45 AM"
1077,RED,green,green,5360.0,True,"Apr 03, 2025 02:45 AM"
1078,BLUE,red,blue,2495.0,False,"Apr 03, 2025 02:45 AM"
1079,YELLOW,green,yellow,1780.0,False,"Apr 03, 2025 02:45 AM"
1080,YELLOW,green,yellow,4992.0,False,"Apr 03, 2025 02:45 AM"
1081,GREEN,yellow,green,2228.0,False,"Apr 03, 2025 02:45 AM"
1082,GREEN,yellow,yellow,4260.0,True,"Apr 03, 2025 02:45 AM"
1083,GREEN,red,red,2878.0,True,"Apr 03, 2025 02:45 AM"
1084,RED,blue,blue,3095.0,True,"Apr 03, 2025 02:45 AM"
1085,RED,red,red,2578.0,True,"Apr 03, 2025 02:45 AM"
1086,GREEN,green,green,6641.0,True,"Apr 03, 2025 02:45 AM"
1087,BLUE,yellow,yellow,2927.0,True,"Apr 03, 2025 02:45 AM"
1088,GREEN,yellow,yellow,3961.0,True,"Apr 03, 2025 02:45 AM"
1089,GREEN,green,green,2295.0,True,"Apr 03, 2025 02:45 AM"
1090,BLUE,red,red,2062.0,True,"Apr 03, 2025 02:45 AM"
1091,BLUE,blue,blue,3782.0,True,"Apr 03, 2025 05:22 AM"
1092,BLUE,blue,blue,3407.0,True,"Apr 03, 2025 05:22 AM"
1093,BLUE,blue,blue,1150.0,True,"Apr 03, 2025 05:22 AM"
1094,GREEN,blue,green,2627.0,False,"Apr 03, 2025 05:22 AM"
1095,GREEN,blue,green,3143.0,False,"Apr 03, 2025 05:22 AM"
1096,RED,red,red,1637.0,True,"Apr 03, 2025 05:22 AM"
1097,GREEN,yellow,yellow,1706.0,True,"Apr 03, 2025 05:22 AM"
1098,RED,red,red,1752.0,True,"Apr 03, 2025 05:22 AM"
1099,GREEN,red,green,2361.0,False,"Apr 03, 2025 05:22 AM"
1100,YELLOW,green,green,1566.0,True,"Apr 03, 2025 05:23 AM"
1101,GREEN,green,green,1651.0,True,"Apr 03, 2025 05:23 AM"
1102,YELLOW,red,red,2164.0,True,"Apr 03, 2025 05:23 AM"
1103,RED,yellow,yellow,2434.0,True,"Apr 03, 2025 05:22 AM"
1104,RED,blue,blue,1521.0,True,"Apr 03, 2025 05:22 AM"
1105,BLUE,green,green,2708.0,True,"Apr 03, 2025 05:22 AM"
1106,YELLOW,blue,blue,2263.0,True,"Apr 03, 2025 05:22 AM"
1107,RED,yellow,yellow,1444.0,True,"Apr 03, 2025 05:23 AM"
1108,RED,red,red,1273.0,True,"Apr 03, 2025 05:23 AM"
1109,BLUE,green,green,1578.0,True,"Apr 03, 2025 05:23 AM"
1110,GREEN,green,green,1891.0,True,"Apr 03, 2025 05:23 AM"
1111,GREEN,red,red,2200.0,True,"Apr 03, 2025 06:17 AM"
1112,RED,yellow,yellow,1559.0,True,"Apr 03, 2025 06:17 AM"
1113,RED,red,red,1567.0,True,"Apr 03, 2025 06:17 AM"
1114,GREEN,blue,blue,1713.0,True,"Apr 03, 2025 06:17 AM"
1115,BLUE,yellow,yellow,1936.0,True,"Apr 03, 2025 06:17 AM"
1116,RED,red,red,1663.0,True,"Apr 03, 2025 06:17 AM"
1117,BLUE,yellow,yellow,4304.0,True,"Apr 03, 2025 06:17 AM"
1118,GREEN,yellow,yellow,1776.0,True,"Apr 03, 2025 06:17 AM"
1119,GREEN,yellow,yellow,2231.0,True,"Apr 03, 2025 06:17 AM"
1120,RED,green,green,1944.0,True,"Apr 03, 2025 06:17 AM"
1121,RED,red,red,2671.0,True,"Apr 03, 2025 06:17 AM"
1122,BLUE,yellow,yellow,1760.0,True,"Apr 03, 2025 06:17 AM"
1123,GREEN,yellow,yellow,2792.0,True,"Apr 03, 2025 06:17 AM"
1124,BLUE,red,red,1719.0,True,"Apr 03, 2025 06:17 AM"
1125,YELLOW,blue,blue,1881.0,True,"Apr 03, 2025 06:17 AM"
1126,RED,yellow,yellow,1912.0,True,"Apr 03, 2025 06:17 AM"
1127,GREEN,red,red,2119.0,True,"Apr 03, 2025 06:17 AM"
1128,GREEN,blue,blue,3217.0,True,"Apr 03, 2025 06:17 AM"
1129,GREEN,yellow,yellow,1598.0,True,"Apr 03, 2025 06:17 AM"
1130,GREEN,blue,blue,3312.0,True,"Apr 03, 2025 06:17 AM"
1131,YELLOW,green,green,1879.0,True,"Apr 03, 2025 08:15 AM"
1132,GREEN,yellow,yellow,1303.0,True,"Apr 03, 2025 08:15 AM"
1133,RED,green,green,1415.0,True,"Apr 03, 2025 08:15 AM"
1134,BLUE,red,red,1767.0,True,"Apr 03, 2025 08:15 AM"
1135,GREEN,red,red,1304.0,True,"Apr 03, 2025 08:15 AM"
1136,YELLOW,yellow,yellow,1839.0,True,"Apr 03, 2025 08:15 AM"
1137,BLUE,red,red,1663.0,True,"Apr 03, 2025 08:16 AM"
1138,YELLOW,red,red,1040.0,True,"Apr 03, 2025 08:16 AM"
1139,BLUE,red,red,1112.0,True,"Apr 03, 2025 08:16 AM"
1140,BLUE,green,green,1608.0,True,"Apr 03, 2025 08:16 AM"
1141,YELLOW,yellow,yellow,1656.0,True,"Apr 03, 2025 08:16 AM"
1142,BLUE,yellow,yellow,976.0,True,"Apr 03, 2025 08:16 AM"
1143,GREEN,green,green,1432.0,True,"Apr 03, 2025 08:16 AM"
1144,BLUE,green,green,984.0,True,"Apr 03, 2025 08:16 AM"
1145,YELLOW,blue,blue,1960.0,True,"Apr 03, 2025 08:16 AM"
1146,GREEN,blue,blue,1024.0,True,"Apr 03, 2025 08:16 AM"
1147,BLUE,green,green,1440.0,True,"Apr 03, 2025 08:16 AM"
1148,RED,red,red,1375.0,True,"Apr 03, 2025 08:16 AM"
1149,YELLOW,red,red,1024.0,True,"Apr 03, 2025 08:16 AM"
1150,GREEN,blue,blue,2024.0,True,"Apr 03, 2025 08:16 AM"
1151,BLUE,yellow,yellow,1723.0,True,"Apr 03, 2025 08:16 AM"
1152,RED,red,red,1432.0,True,"Apr 03, 2025 08:16 AM"
1153,YELLOW,green,green,1800.0,True,"Apr 03, 2025 08:16 AM"
1154,BLUE,red,red,1273.0,True,"Apr 03, 2025 08:16 AM"
1155,BLUE,red,red,1671.0,True,"Apr 03, 2025 08:16 AM"
1156,RED,green,green,1961.0,True,"Apr 03, 2025 08:16 AM"
1157,BLUE,blue,blue,1752.0,True,"Apr 03, 2025 08:16 AM"
1158,YELLOW,blue,blue,1367.0,True,"Apr 03, 2025 08:16 AM"
1159,YELLOW,green,green,1432.0,True,"Apr 03, 2025 08:16 AM"
1160,YELLOW,blue,blue,1736.0,True,"Apr 03, 2025 08:16 AM"
1161,BLUE,red,red,1631.0,True,"Apr 03, 2025 08:16 AM"
1162,BLUE,yellow,yellow,1625.0,True,"Apr 03, 2025 08:16 AM"
1163,GREEN,red,red,2048.0,True,"Apr 03, 2025 08:16 AM"
1164,GREEN,red,red,1622.0,True,"Apr 03, 2025 08:16 AM"
1165,RED,yellow,yellow,1887.0,True,"Apr 03, 2025 08:16 AM"
1166,YELLOW,green,green,1679.0,True,"Apr 03, 2025 08:16 AM"
1167,BLUE,green,green,1312.0,True,"Apr 03, 2025 08:16 AM"
1168,GREEN,yellow,yellow,2896.0,True,"Apr 03, 2025 08:16 AM"
1169,GREEN,yellow,yellow,1688.0,True,"Apr 03, 2025 08:16 AM"
1170,YELLOW,blue,blue,2279.0,True,"Apr 03, 2025 08:16 AM"
1171,GREEN,blue,blue,2144.0,True,"Apr 03, 2025 08:47 AM"
1172,YELLOW,green,green,2088.0,True,"Apr 03, 2025 08:47 AM"
1173,BLUE,green,green,1719.0,True,"Apr 03, 2025 08:47 AM"
1174,RED,blue,blue,1751.0,True,"Apr 03, 2025 08:47 AM"
1175,RED,red,red,1585.0,True,"Apr 03, 2025 08:47 AM"
1176,YELLOW,green,green,1824.0,True,"Apr 03, 2025 08:48 AM"
1177,GREEN,yellow,yellow,2689.0,True,"Apr 03, 2025 08:48 AM"
1178,BLUE,red,red,1607.0,True,"Apr 03, 2025 08:48 AM"
1179,YELLOW,red,red,1632.0,True,"Apr 03, 2025 08:48 AM"
1180,GREEN,blue,blue,1871.0,True,"Apr 03, 2025 08:48 AM"
1181,GREEN,red,red,2455.0,True,"Apr 03, 2025 08:48 AM"
1182,GREEN,green,green,2047.0,True,"Apr 03, 2025 08:48 AM"
1183,BLUE,yellow,yellow,2055.0,True,"Apr 03, 2025 08:48 AM"
1184,RED,blue,blue,2553.0,True,"Apr 03, 2025 08:48 AM"
1185,YELLOW,green,green,1975.0,True,"Apr 03, 2025 08:48 AM"
1186,YELLOW,green,green,2168.0,True,"Apr 03, 2025 08:48 AM"
1187,GREEN,blue,blue,1785.0,True,"Apr 03, 2025 08:48 AM"
1188,RED,yellow,yellow,4015.0,True,"Apr 03, 2025 08:48 AM"
1189,GREEN,red,red,2063.0,True,"Apr 03, 2025 08:48 AM"
1190,RED,green,green,2656.0,True,"Apr 03, 2025 08:48 AM"
1191,YELLOW,yellow,yellow,3741.0,True,"Apr 03, 2025 08:48 AM"
1192,YELLOW,blue,blue,1937.0,True,"Apr 03, 2025 08:48 AM"
1193,RED,green,green,4487.0,True,"Apr 03, 2025 08:48 AM"
1194,BLUE,red,red,2895.0,True,"Apr 03, 2025 08:48 AM"
1195,BLUE,red,red,2223.0,True,"Apr 03, 2025 08:48 AM"
1196,RED,blue,blue,4936.0,True,"Apr 03, 2025 08:48 AM"
1197,BLUE,blue,blue,1424.0,True,"Apr 03, 2025 08:48 AM"
1198,BLUE,yellow,yellow,2480.0,True,"Apr 03, 2025 08:48 AM"
1199,BLUE,green,green,2136.0,True,"Apr 03, 2025 08:49 AM"
1200,RED,green,green,1528.0,True,"Apr 03, 2025 08:49 AM"
1201,YELLOW,red,red,3408.0,True,"Apr 03, 2025 08:49 AM"
1202,RED,yellow,yellow,2664.0,True,"Apr 03, 2025 08:49 AM"
1203,GREEN,red,red,1832.0,True,"Apr 03, 2025 08:49 AM"
1204,RED,green,green,2360.0,True,"Apr 03, 2025 08:49 AM"
1205,YELLOW,blue,yellow,6681.0,False,"Apr 03, 2025 08:49 AM"
1206,GREEN,blue,blue,3463.0,True,"Apr 03, 2025 08:49 AM"
1207,RED,blue,blue,1408.0,True,"Apr 03, 2025 08:49 AM"
1208,RED,red,red,1647.0,True,"Apr 03, 2025 08:49 AM"
1209,RED,blue,blue,3032.0,True,"Apr 03, 2025 08:49 AM"
1210,RED,green,green,1808.0,True,"Apr 03, 2025 08:49 AM"
1211,GREEN,green,green,8294.0,True,"Apr 03, 2025 09:00 AM"
1212,BLUE,blue,blue,1949.0,True,"Apr 03, 2025 09:00 AM"
1213,YELLOW,red,red,2335.0,True,"Apr 03, 2025 09:00 AM"
1214,GREEN,blue,blue,2536.0,True,"Apr 03, 2025 09:00 AM"
1215,BLUE,red,red,1667.0,True,"Apr 03, 2025 09:00 AM"
1216,BLUE,yellow,yellow,2167.0,True,"Apr 03, 2025 09:00 AM"
1217,GREEN,red,green,4482.0,False,"Apr 03, 2025 09:00 AM"
1218,YELLOW,green,green,11827.0,True,"Apr 03, 2025 09:00 AM"
1219,RED,green,green,2185.0,True,"Apr 03, 2025 09:00 AM"
1220,BLUE,red,red,1484.0,True,"Apr 03, 2025 09:00 AM"
1221,BLUE,red,red,1619.0,True,"Apr 03, 2025 09:00 AM"
1222,GREEN,yellow,yellow,1904.0,True,"Apr 03, 2025 09:00 AM"
1223,YELLOW,blue,blue,2918.0,True,"Apr 03, 2025 09:00 AM"
1224,YELLOW,green,green,1978.0,True,"Apr 03, 2025 09:00 AM"
1225,BLUE,blue,blue,1634.0,True,"Apr 03, 2025 09:00 AM"
1226,RED,red,red,1699.0,True,"Apr 03, 2025 09:00 AM"
1227,RED,yellow,yellow,1565.0,True,"Apr 03, 2025 09:00 AM"
1228,BLUE,green,green,2117.0,True,"Apr 03, 2025 09:00 AM"
1229,RED,green,green,1850.0,True,"Apr 03, 2025 09:00 AM"
1230,YELLOW,yellow,yellow,2957.0,True,"Apr 03, 2025 10:01 AM"
1231,RED,red,red,3255.0,True,"Apr 03, 2025 10:01 AM"
1232,GREEN,green,green,2661.0,True,"Apr 03, 2025 10:01 AM"
1233,YELLOW,red,red,3028.0,True,"Apr 03, 2025 10:01 AM"
1234,YELLOW,blue,blue,3411.0,True,"Apr 03, 2025 10:01 AM"
1235,BLUE,blue,blue,3594.0,True,"Apr 03, 2025 10:01 AM"
1236,BLUE,red,red,2429.0,True,"Apr 03, 2025 10:01 AM"
1237,YELLOW,yellow,yellow,2445.0,True,"Apr 03, 2025 10:01 AM"
1238,RED,red,red,2429.0,True,"Apr 03, 2025 10:01 AM"
1239,GREEN,green,green,2579.0,True,"Apr 03, 2025 10:01 AM"
1240,BLUE,yellow,yellow,2295.0,True,"Apr 03, 2025 10:01 AM"
1241,GREEN,red,red,2195.0,True,"Apr 03, 2025 10:01 AM"
1242,GREEN,yellow,yellow,2261.0,True,"Apr 03, 2025 10:01 AM"
1243,BLUE,yellow,yellow,2212.0,True,"Apr 03, 2025 10:01 AM"
1244,BLUE,yellow,yellow,3659.0,True,"Apr 03, 2025 10:01 AM"
1245,GREEN,green,green,2062.0,True,"Apr 03, 2025 10:01 AM"
1246,RED,yellow,yellow,2047.0,True,"Apr 03, 2025 10:01 AM"
1247,RED,blue,blue,2312.0,True,"Apr 03, 2025 10:01 AM"
1248,RED,yellow,yellow,2563.0,True,"Apr 03, 2025 10:02 AM"
1249,YELLOW,green,green,2311.0,True,"Apr 03, 2025 10:02 AM"
1250,GREEN,green,green,2462.0,True,"Apr 03, 2025 10:31 AM"
1251,YELLOW,blue,blue,7181.0,True,"Apr 03, 2025 10:31 AM"
1252,RED,yellow,yellow,2591.0,True,"Apr 03, 2025 10:31 AM"
1253,YELLOW,blue,blue,2008.0,True,"Apr 03, 2025 10:31 AM"
1254,RED,blue,green,2129.0,False,"Apr 03, 2025 10:31 AM"
1255,RED,green,green,2466.0,True,"Apr 03, 2025 10:31 AM"
1256,RED,yellow,yellow,2113.0,True,"Apr 03, 2025 10:31 AM"
1257,YELLOW,yellow,yellow,1977.0,True,"Apr 03, 2025 10:31 AM"
1258,RED,green,green,1679.0,True,"Apr 03, 2025 10:31 AM"
1259,GREEN,yellow,yellow,2546.0,True,"Apr 03, 2025 10:31 AM"
1260,YELLOW,blue,blue,1924.0,True,"Apr 03, 2025 10:31 AM"
1261,YELLOW,blue,blue,2418.0,True,"Apr 03, 2025 10:31 AM"
1262,RED,blue,blue,1320.0,True,"Apr 03, 2025 10:31 AM"
1263,RED,yellow,yellow,1658.0,True,"Apr 03, 2025 10:31 AM"
1264,RED,green,green,1794.0,True,"Apr 03, 2025 10:31 AM"
1265,GREEN,yellow,yellow,1694.0,True,"Apr 03, 2025 10:31 AM"
1266,YELLOW,red,red,1347.0,True,"Apr 03, 2025 10:31 AM"
1267,YELLOW,green,green,1427.0,True,"Apr 03, 2025 10:31 AM"
1268,GREEN,blue,blue,2565.0,True,"Apr 03, 2025 10:31 AM"
1269,GREEN,red,red,2416.0,True,"Apr 03, 2025 10:31 AM"
